AM;PTN;19000;ABDALA HABIB FRAXE JUNIOR;ABDALA FRAXE;Deputado Estadual;Apto;Deferido
SC;PMDB;15015;ADA LILI FARACO DE LUCA;ADA DE LUCA;Deputado Estadual;Apto;Deferido
MG;PMDB;15123;ADALCLEVER RIBEIRO LOPES;ADALCLEVER LOPES;Deputado Estadual;Apto;Deferido
RS;PT;13013;AD�O ROBERTO RODRIGUES VILLAVERDE;VILLA;Deputado Estadual;Apto;Deferido
RO;DEM;25500;ADELINO ANGELO FOLLADOR;ADELINO FOLLADOR;Deputado Estadual;Apto;Deferido
PR;PSL;17800;ADELINO RIBEIRO SILVA;ADELINO RIBEIRO;Deputado Estadual;Apto;Deferido
PR;PSDB;45789;ADEMAR LUIZ TRAIANO;TRAIANO;Deputado Estadual;Apto;Deferido
PR;PMDB;15115;ADEMIR ANTONIO OSMAR BIER;ADEMIR BIER;Deputado Estadual;Apto;Deferido
BA;PP;11111;ADERBAL FULCO CALDAS;ADERBAL CALDAS;Deputado Estadual;Apto;Deferido
GO;PMDB;15111;ADIB ELIAS JUNIOR;ADIB ELIAS;Deputado Estadual;Apto;Deferido
SP;PSB;40400;ADILSON ROSSI;ADILSON ROSSI;Deputado Estadual;Apto;Deferido
RS;PSDB;45123;ADILSON TROCA;ADILSON TROCA;Deputado Estadual;Apto;Deferido
AM;PP;11111;ADJUTO RODRIGUES AFONSO;ADJUTO AFONSO;Deputado Estadual;Apto;Deferido
BA;PSD;55111;ADOLFO EMANUEL MONTEIRO DE MENEZES;ADOLFO MENEZES;Deputado Estadual;Apto;Deferido
RS;PP;11240;ADOLFO JOS� BRITO;ADOLFO BRITO;Deputado Estadual;Apto;Deferido
BA;PSDB;45450;ADOLFO VIANA DE CASTRO NETO;ADOLFO VIANA;Deputado Estadual;Apto;Deferido
GO;PT;13123;ADRIANA SAUTHIER ACCORSI;DELEGADA ADRIANA ACCORSI;Deputado Estadual;Apto;Deferido
PB;PSB;40444;ADRIANO CEZAR GALDINO DE ARA�JO;ADRIANO GALDINO;Deputado Estadual;Apto;Deferido
RO;PP;11111;AELCIO JOSE COSTA;A�LCIO DA TV;Deputado Estadual;Apto;Deferido
CE;PMDB;15888;AGENOR GOMES DE ARAUJO NETO;AGENOR NETO;Deputado Estadual;Apto;Deferido
RN;PDT;12123;AGNELO ALVES;AGNELO;Deputado Estadual;Apto;Deferido
MG;PV;43500;AGOSTINHO CELIO ANDRADE PATRUS;AGOSTINHO PATRUS FILHO;Deputado Estadual;Apto;Deferido
CE;PHS;31234;AGOSTINHO FREDERICO CARMO GOMES;TIN GOMES;Deputado Estadual;Apto;Deferido
PA;PT;13500;AIRTON LUIZ FALEIRO;AIRTON FALEIRO;Deputado Estadual;Apto;Deferido
RO;PDT;12123;AIRTON PEDRO GURGACZ;AIRTON GURGACZ;Deputado Estadual;Apto;Deferido
BA;PTN;19700;ALAN DE CASTRO DAYUBE;ALAN CASTRO;Deputado Estadual;Apto;Deferido
BA;PSD;55000;ALAN EDUARDO SANCHES DOS SANTOS;ALAN SANCHES;Deputado Estadual;Apto;Deferido
RN;PROS;90111;ALBERT DICKSON DE LIMA;ALBERT DICKSON OFTALMOLOGISTA;Deputado Estadual;Apto;Deferido
PE;PR;22022;ALBERTO JORGE DO NASCIMENTO FEITOSA;ALBERTO FEITOSA;Deputado Estadual;Apto;Deferido
AM;PR;22333;ALCIMAR MACIEL PEREIRA;CABO MACIEL;Deputado Estadual;Apto;Deferido
SC;PMDB;15010;ALDO SCHNEIDER;ALDO SCHNEIDER;Deputado Estadual;Apto;Deferido
MG;PDT;12212;ALENCAR MAGALHAES DA SILVEIRA JUNIOR;ALENCAR DA SILVEIRA JR;Deputado Estadual;Apto;Deferido
SP;PT;13570;ALENCAR SANTANA BRAGA;ALENCAR SANTANA;Deputado Estadual;Apto;Deferido
AM;PC do B;65123;ALESSANDRA CAMPELO DA SILVA;ALESSANDRA CAMPELO;Deputado Estadual;Apto;Deferido
BA;PTN;19123;ALEX DE CASTRO LIMA;ALEX LIMA;Deputado Estadual;Apto;Deferido
BA;PMDB;15150;ALEX LOPES DA SILVA;ALEX DA PIAT�;Deputado Estadual;Apto;Deferido
RO;SD;77100;ALEX MENDON�A ALVES;ALEX REDANO;Deputado Estadual;Apto;Deferido
PR;PMDB;15128;ALEXANDRE MARANH�O KHURY;ALEXANDRE CURI;Deputado Estadual;Apto;Deferido
PR;PSC;20120;ALEXANDRE MARCEL KUSTER GUIMAR�ES;ALEXANDRE GUIMAR�ES;Deputado Estadual;Apto;Deferido
ES;PMDB;15123;ALEXANDRE MARCELO COUTINHO SANTOS;MARCELO SANTOS;Deputado Estadual;Apto;Deferido
RS;PMDB;15150;ALEXANDRE POSTAL;ALEXANDRE POSTAL;Deputado Estadual;Apto;Deferido
MA;PTN;19123;ALEXANDRE VICENTE DE PAULA ALMEIDA;ALEXANDRE ALMEIDA;Deputado Estadual;Apto;Deferido
ES;PRP;44567;ALMIR VIEIRA;ALMIR VIEIRA;Deputado Estadual;Apto;Deferido
GO;PSDB;45780;ALOISIO MOREIRA DOS SANTOS;ISO MOREIRA;Deputado Estadual;Apto;Deferido
RS;PTB;14200;ALOISIO TALSO CLASSMANN;CLASSMANN;Deputado Estadual;Apto;Deferido
RS;PT;13030;ALTEMIR ANTONIO TORTELLI;TORTELLI;Deputado Estadual;Apto;Deferido
SP;PSD;55190;ALVARO BATISTA CAMILO;CORONEL CAMILO;Deputado Estadual;Apto;Deferido
RN;PMDB;15555;�LVARO COSTA DIAS;ALVARO DIAS;Deputado Estadual;Apto;Deferido
RS;PMDB;15170;ALVARO DAVI BOESSIO;BOESSIO;Deputado Estadual;Apto;Deferido
PE;PTB;14000;�LVARO PORTO DE BARROS;�LVARO PORTO;Deputado Estadual;Apto;Deferido
GO;PR;22122;�LVARO SOARES GUIMAR�ES;�LVARO GUIMAR�ES;Deputado Estadual;Apto;Deferido
TO;PT;13613;AM�LIA MARIA SANTANA DA SILVA;AM�LIA SANTANA;Deputado Estadual;Apto;Deferido
MS;PT;13013;AMARILDO VALDO DA CRUZ;AMARILDO CRUZ;Deputado Estadual;Apto;Deferido
ES;PPS;23000;AMARO ROCHA NASCIMENTO NETO;AMARO NETO;Deputado Estadual;Apto;Deferido
TO;SD;77333;AMELIO CAYRES DE  ALMEIDA;AM�LIO CAYRES;Deputado Estadual;Apto;Deferido
AP;PMDB;15699;AMIRALDO DA SILVA FAVACHO JUNIOR;JUNIOR FAVACHO;Deputado Estadual;Apto;Deferido
MA;PRB;10000;ANA DE NAZARE PEREIRA SILVA MACEDO MENDON�A;ANA DO G�S;Deputado Estadual;Apto;Deferido
CE;PROS;90555;ANA LAIS PEIXOTO CORREIA NUNES;LAIS NUNES;Deputado Estadual;Apto;Deferido
AC;PT;13013;ANA LEILA GALV�O MAIA;LEILA GALVAO;Deputado Estadual;Apto;Deferido
SE;PT;13900;ANA L�CIA VIEIRA MENEZES;ANA L�CIA;Deputado Estadual;Apto;Deferido
SP;PT;13632;ANA MARIA DO CARMO ROSSETO;ANA DO CARMO;Deputado Estadual;Apto;Deferido
PA;PSDB;45130;ANA MARIA DO SOCORRO MAGNO CUNHA;ANA CUNHA;Deputado Estadual;Apto;Deferido
SC;PT;13313;ANA PAULA DE SOUZA LIMA;ANA PAULA;Deputado Estadual;Apto;Deferido
SP;PSDB;45400;ANALICE FERNANDES;ANALICE FERNANDES;Deputado Estadual;Apto;Deferido
SP;DEM;25005;ANDR� BEZERRA RIBEIRO SOARES;ANDR� SOARES;Deputado Estadual;Apto;Deferido
PE;PMDB;15615;ANDR� FERREIRA RODRIGUES;ANDR� FERREIRA;Deputado Estadual;Apto;Deferido
RJ;PSD;55321;ANDR� GUSTAVO PEREIRA CORR�A DA SILVA;ANDR� CORR�A;Deputado Estadual;Apto;Deferido
SP;PR;22999;ANDR� LUIS DO PRADO;ANDR� DO PRADO;Deputado Estadual;Apto;Deferido
RJ;PT;13567;ANDRE LUIZ CECILIANO;ANDRE CECILIANO;Deputado Estadual;Apto;Deferido
RJ;PMDB;15555;ANDRE LUIZ LAZARONI DE MORAES;ANDR� LAZARONI;Deputado Estadual;Apto;Deferido
MG;PT;13555;ANDRE QUINT�O SILVA;ANDRE QUINT�O;Deputado Estadual;Apto;Deferido
AC;PRP;44777;ANDRE ROBERTO ROGERIO VALE DOS SANTOS;ANDRE DA DROGA VALE;Deputado Estadual;Apto;Deferido
BA;PSD;55444;ANDRE ROGERIO DE ARAUJO ANDRADE;ROGERIO ANDRADE;Deputado Estadual;Apto;Deferido
PR;PDT;12612;ANDRE VINICIUS BUENO;ANDRE BUENO;Deputado Estadual;Apto;Deferido
MA;PMDB;15333;ANDREA TROV�O MURAD BARROS;ANDREA MURAD;Deputado Estadual;Apto;Deferido
RR;PSC;20120;ANGELA AGUIDA PORTELLA ALVES;ANGELA AGUIDA PORTELLA;Deputado Estadual;Apto;Deferido
BA;PSD;55055;ANGELA MARIA CORREA DE SOUSA;ANGELA SOUSA;Deputado Estadual;Apto;Deferido
SP;PT;13121;ANGELO AUGUSTO PERUGINI;ANGELO PERUGINI;Deputado Estadual;Apto;Deferido
MS;PSDB;45055;�NGELO CHAVES GUERREIRO;ANGELO GUERREIRO;Deputado Estadual;Apto;Deferido
BA;PSD;55255;ANGELO MARIO CORONEL DE AZEVEDO MARTINS;CORONEL;Deputado Estadual;Apto;Deferido
PE;PSB;40000;�NGELO RAFAEL FERREIRA DOS SANTOS;�NGELO FERREIRA;Deputado Estadual;Apto;Deferido
PB;PT;13000;ANISIO SOARES MAIA;AN�SIO MAIA;Deputado Estadual;Apto;Deferido
MG;PTC;36123;ANSELMO JOS� GOMES DOMINGOS;ANSELMO JOS� DOMINGOS;Deputado Estadual;Apto;Deferido
PR;PMDB;15190;ANTONIO ANNIBELLI NETO;ANIBELLI NETO;Deputado Estadual;Apto;Deferido
SP;PP;11777;ANTONIO ASSUN��O DE OLIM;DELEGADO OLIM;Deputado Estadual;Apto;Deferido
AP;PMDB;15123;ANTONIO AUGUSTO DE AGUIAR;AUGUSTO AGUIAR;Deputado Estadual;Apto;Deferido
MG;PSDB;45010;ANT�NIO CARLOS ARANTES;ANT�NIO CARLOS ARANTES;Deputado Estadual;Apto;Deferido
GO;PDT;12012;ANTONIO CARLOS CAETANO DE MORAIS;DR. ANTONIO;Deputado Estadual;Apto;Deferido
SP;PTB;14140;ANTONIO CARLOS DE CAMPOS MACHADO;CAMPOS MACHADO;Deputado Estadual;Apto;Deferido
SP;DEM;25000;ANTONIO CEZAR CORREIA FREIRE;PASTOR CEZINHA;Deputado Estadual;Apto;Deferido
SP;PSDB;45122;ANTONIO DE SOUSA RAMALHO;RAMALHO DA CONSTRUCAO;Deputado Estadual;Apto;Deferido
MG;PSB;40696;ANTONIO DOS REIS GON�ALVES LERIN;LERIN;Deputado Estadual;Apto;Deferido
SE;PSC;20123;ANTONIO DOS SANTOS;PR ANTONIO;Deputado Estadual;Apto;Deferido
RR;PEN;51111;ANTONIO EDUARDO FILHO;ODILON;Deputado Estadual;Apto;Deferido
TO;PRTB;28777;ANT�NIO EVANGELISTA PEREIRA JUNIOR;JUNIOR EVANGELISTA;Deputado Estadual;Apto;Deferido
PR;PDT;12012;ANTONIO FERNANDO SCANAVACCA;FERNANDO SCANAVACA;Deputado Estadual;Apto;Deferido
PE;PMDB;15232;ANTONIO GERALDO RODRIGUES DA SILVA;TONY GEL;Deputado Estadual;Apto;Deferido
PA;PPL;54444;ANTONIO GOMES DE LIMA;ANTONIO TONHEIRO;Deputado Estadual;Apto;Deferido
BA;PP;11011;ANTONIO HENRIQUE DE SOUSA MOREIRA JUNIOR;ANTONIO HENRIQUE JUNIOR;Deputado Estadual;Apto;Deferido
MG;PPS;23123;ANTONIO JORGE DE SOUZA MARQUES;ANTONIO JORGE;Deputado Estadual;Apto;Deferido
AC;PTN;19019;ANTONIO JOSENILDO INACIO DA SILVA;JOSA DA FARM�CIA;Deputado Estadual;Apto;Deferido
SC;PMDB;15700;ANT�NIO MAURO RODRIGUES DE AGUIAR;ANTONIO AGUIAR;Deputado Estadual;Apto;Deferido
RR;PRB;10789;ANTONIO MECIAS PEREIRA DE JESUS;MECIAS DE JESUS;Deputado Estadual;Apto;Deferido
AP;PTB;14000;ANTONIO PAULO DE OLIVEIRA FURLAN;DR. FURLAN;Deputado Estadual;Apto;Deferido
AC;DEM;25456;ANTONIO PEDRO MENDON�A;ANTONIO PEDRO;Deputado Estadual;Apto;Deferido
MA;DEM;25333;ANTONIO PEREIRA FILHO;DR. ANTONIO PEREIRA;Deputado Estadual;Apto;Deferido
CE;PROS;90000;ANTONIO PINHEIRO GRANJA;ANTONIO GRANJA;Deputado Estadual;Apto;Deferido
TO;PSD;55111;ANT�NIO POINCARE ANDRADE FILHO;TOINHO ANDRADE;Deputado Estadual;Apto;Deferido
PB;PT;13333;ANTONIO RIBEIRO;FREI ANAST�CIO;Deputado Estadual;Apto;Deferido
AL;PRTB;28000;ANTONIO RIBEIRO DE ALBUQUERQUE;ANTONIO ALBUQUERQUE;Deputado Estadual;Apto;Deferido
SP;PP;11111;ANTONIO SALIM CURIATI;CURIATI;Deputado Estadual;Apto;Deferido
SC;PSDB;45145;ANTONIO SERAFIM VENZON;SERAFIM VENZON;Deputado Estadual;Apto;Deferido
PR;PT;13131;ANTONIO TADEU VENERI;TADEU VENERI;Deputado Estadual;Apto;Deferido
RS;PT;13713;ANTONIO VALDECI OLIVEIRA DE OLIVEIRA;VALDECI OLIVEIRA;Deputado Estadual;Apto;Deferido
PE;PP;11000;ANTONIO VALDI DE FRAN�A SALES;DR. VALDI;Deputado Estadual;Apto;Deferido
RS;PPS;23200;ANY MACHADO ORTIZ;ANY ORTIZ;Deputado Estadual;Apto;Deferido
MG;PTB;14111;ARLEN DE PAULO SANTIAGO FILHO;ARLEN SANTIAGO;Deputado Estadual;Apto;Deferido
MG;PTN;19456;ARLETE GON�ALVES SANTOS MAGALH�ES;ARLETE MAGALHAES;Deputado Estadual;Apto;Deferido
PB;PSC;20147;ARNALDO MONTEIRO COSTA;ARNALDO MONTEIRO;Deputado Estadual;Apto;Deferido
MG;PR;22999;ARNALDO SILVA JUNIOR;ARNALDO;Deputado Estadual;Apto;Deferido
PR;PMDB;15015;ARTAG�O DE MATTOS LE�O JUNIOR;ARTAGAO JUNIOR;Deputado Estadual;Apto;Deferido
PB;PEN;51888;ATAIDES MENDES PEDROSA;BRANCO MENDES;Deputado Estadual;Apto;Deferido
SP;PC do B;65000;ATILA CESAR MONTEIRO JACOMUSSI;ATILA;Deputado Estadual;Apto;Deferido
CE;PMDB;15610;AUDIC CAVALCANTE MOTA DIAS;AUDIC MOTA;Deputado Estadual;Apto;Deferido
CE;PC do B;65700;AUGUSTA BRITO DE PAULA;AUGUSTA BRITO;Deputado Estadual;Apto;Deferido
SE;DEM;25555;AUGUSTO BEZERRA DE ASSIS FILHO;AUGUSTO BEZERRA;Deputado Estadual;Apto;Deferido
PE;PTB;14123;AUGUSTO CESAR ELIHIMAS DE CARVALHO;AUGUSTO C�SAR;Deputado Estadual;Apto;Deferido
BA;PSDB;45670;AUGUSTO NARCISO CASTRO;AUGUSTO CASTRO;Deputado Estadual;Apto;Deferido
SP;PT;13600;AURIEL BRITO LEAL;PROF AURIEL;Deputado Estadual;Apto;Deferido
AM;PMDB;15666;BELARMINO LINS DE ALBUQUERQUE;BELARMINO LINS;Deputado Estadual;Apto;Deferido
RJ;PMDB;15789;BENEDITO ALVES COSTA;BENEDITO ALVES;Deputado Estadual;Apto;Deferido
RJ;PMDB;15153;BERNARDO CHIM ROSSI;BERNARDO ROSSI;Deputado Estadual;Apto;Deferido
PR;PSDB;45745;BERNARDO GUIMARAES RIBAS CARLI;BERNARDO RIBAS CARLI;Deputado Estadual;Apto;Deferido
MG;PTB;14444;BRAULIO JOSE TANUS BRAZ;BRAULIO BRAZ;Deputado Estadual;Apto;Deferido
AL;PSDB;45123;BRUNO ALBUQUERQUE TOLEDO;BRUNO TOLEDO;Deputado Estadual;Apto;Deferido
CE;PEN;51515;BRUNO BARROS GONCALVES;DR BRUNO GONCALVES;Deputado Estadual;Apto;Deferido
PB;PSDB;45222;BRUNO CUNHA LIMA BRANCO;BRUNO CUNHA LIMA;Deputado Estadual;Apto;Deferido
RJ;PR;22789;BRUNO FELGUEIRA DAUAIRE;BRUNO DAUAIRE;Deputado Estadual;Apto;Deferido
ES;PSB;40011;BRUNO LAMAS SILVA;BRUNO LAMAS;Deputado Estadual;Apto;Deferido
GO;PMDB;15700;BRUNO REGIANY PEIXOTO PIMENTA;BRUNO PEIXOTO;Deputado Estadual;Apto;Deferido
BA;PMDB;15333;BRUNO SOARES REIS;BRUNO REIS;Deputado Estadual;Apto;Deferido
CE;PSC;20222;BRUNO TORQUATO PEDROSA;BRUNO PEDROSA;Deputado Estadual;Apto;Deferido
PB;PR;22222;CAIO FIGUEIREDO ROBERTO;CAIO;Deputado Estadual;Apto;Deferido
SP;PSB;40640;CAIO FRAN�A DE GOUVEA GOMES;CAIO FRAN�A;Deputado Estadual;Apto;Deferido
PB;PSDB;45123;CAMILA ARA�JO TOSCANO DE MORAES;CAMILA TOSCANO;Deputado Estadual;Apto;Deferido
CE;PMDB;15150;CARLOMANO GOMES MARQUES;CARLOMANO MARQUES;Deputado Estadual;Apto;Deferido
PA;PT;13130;CARLOS ALBERTO BARROS BORDALO;BORDALO;Deputado Estadual;Apto;Deferido
SC;PMDB;15444;CARLOS ALBERTO CHIODINI;CHIODINI;Deputado Estadual;Apto;Deferido
AM;PRB;10123;CARLOS ALBERTO DE CASTRO ALMEIDA;PASTOR CARLOS ALBERTO;Deputado Estadual;Apto;Deferido
SP;PSDB;45321;CARLOS ALBERTO DE QUADROS BEZERRA JUNIOR;CARLOS BEZERRA JR;Deputado Estadual;Apto;Deferido
SP;PSOL;50789;CARLOS ALBERTO GIANNASI;CARLOS GIANNAZI;Deputado Estadual;Apto;Deferido
RJ;SD;77088;CARLOS ALBERTO LAVRADO CUPELLO;TIO CARLOS;Deputado Estadual;Apto;Deferido
SP;PT;13999;CARLOS ALBERTO PLETZ NEDER;CARLOS NEDER;Deputado Estadual;Apto;Deferido
GO;SD;77123;CARLOS ANT�NIO DE SOUSA COSTA;CARLOS ANT�NIO;Deputado Estadual;Apto;Deferido
AP;PRB;10147;CARLOS ANTONIO OLIVEIRA SANTOS;PASTOR OLIVEIRA;Deputado Estadual;Apto;Deferido
RJ;PSL;17123;CARLOS AUGUSTO CARVALHO BALTHAZAR;CARLOS AUGUSTO;Deputado Estadual;Apto;Deferido com recurso
RN;PT do B;70123;CARLOS AUGUSTO DE PAIVA MAIA;CARLOS AUGUSTO MAIA;Deputado Estadual;Apto;Deferido
SP;PSB;40112;CARLOS CEZAR DA SILVA;PR CARLOS CEZAR;Deputado Estadual;Apto;Deferido
SP;PSDB;45232;CARLOS EDUARDO PIGNATARI;CARL�O PIGNATARI;Deputado Estadual;Apto;Deferido
CE;PC do B;65100;CARLOS FELIPE SARAIVA BEZERRA;CARLOS FELIPE;Deputado Estadual;Apto;Deferido
BA;PTN;19170;CARLOS GEILSON DOS SANTOS SILVA;CARLOS GEILSON;Deputado Estadual;Apto;Deferido
MG;PRB;10123;CARLOS HENRIQUE ALVES DA SILVA;CARLOS HENRIQUE;Deputado Estadual;Apto;Deferido
CE;PSDB;45655;CARLOS MATOS LIMA;CARLOS MATOS;Deputado Estadual;Apto;Deferido
RJ;PT;13001;CARLOS MINC BAUMFELD;CARLOS MINC;Deputado Estadual;Apto;Deferido
RJ;PMDB;15021;CARLOS ROBERTO DE FIGUEIREDO OSORIO;OSORIO;Deputado Estadual;Apto;Deferido
PR;PSC;20123;CARLOS ROBERTO MASSA JUNIOR;RATINHO JUNIOR;Deputado Estadual;Apto;Deferido
BA;PP;11444;CARLOS ROBSON RODRIGUES DA SILVA;ROBINHO;Deputado Estadual;Apto;Deferido
BA;PSD;55123;CARLOS UBALDINO DE SANTANA;CARLOS UBALDINO;Deputado Estadual;Apto;Deferido
MA;PPS;23123;CARLOS WELLINGTON DE CASTRO BEZERRA;WELLINGTON DO CURSO;Deputado Estadual;Apto;Deferido
MG;PDT;12369;CARLOS WELTH PIMENTA DE FIGUEIREDO;CARLOS PIMENTA;Deputado Estadual;Apto;Deferido
MG;PSD;55555;C�SSIO ANTONIO FERREIRA SOARES;C�SSIO SOARES;Deputado Estadual;Apto;Deferido
PA;PSB;40111;CASSIO COELHO ANDRADE;CASSIO ANDRADE;Deputado Estadual;Apto;Deferido
SP;PMDB;15777;CASSIO DE CASTRO NAVARRO;CASSIO NAVARRO;Deputado Estadual;Apto;Deferido
SP;PSDB;45000;CAUE CASEIRO MACRIS;CAU� MACRIS;Deputado Estadual;Apto;Deferido
SP;PSDB;45200;CELIA CAMARGO LEAO EDELMUTH;CELIA LEAO;Deputado Estadual;Apto;Deferido
MG;PMDB;15196;CELISE BARREIROS LAVIOLA CABRAL DE LIRA;CELISE LAVIOLA;Deputado Estadual;Apto;Deferido
SP;PSDB;45555;CELSO ANTONIO GIGLIO;CELSO GIGLIO;Deputado Estadual;Apto;Deferido
SP;PSC;20777;CELSO BRAZ DO NASCIMENTO;PASTOR CELSO NASCIMENTO;Deputado Estadual;Apto;Deferido
PA;PSDB;45678;CELSO SABINO DE OLIVEIRA;CELSO SABINO;Deputado Estadual;Apto;Deferido
SC;PC do B;65123;CESAR ANTONIO VALDUGA;VALDUGA;Deputado Estadual;Apto;Deferido
MA;DEM;25802;CESAR HENRIQUE SANTOS PIRES;CESAR PIRES;Deputado Estadual;Apto;Deferido
GO;PRTB;28600;CHARLES BENTO EVANGELISTA;CHARLES BENTO;Deputado Estadual;Apto;Deferido
RJ;PSD;55255;CHRISTINO AUREO DA SILVA;CHRISTINO �UREO;Deputado Estadual;Apto;Deferido
PA;PSDB;45112;CILENE LISBOA COUTO MARQUES;CILENE COUTO;Deputado Estadual;Apto;Deferido
RS;PDT;12233;CIRO CARLOS EMERIM SIMONI;CIRO SIMONI;Deputado Estadual;Apto;Deferido
SC;PSB;40110;CLAITON SALVARO BROLESSI;SALVARO;Deputado Estadual;Apto;Deferido
SC;PSD;55100;CLARIKENNEDY NUNES;KENNEDY NUNES;Deputado Estadual;Apto;Deferido
PR;PSC;20111;CLAUDIA VANESSA DE SOUZA FONTOURA PEREIRA;CLAUDIA PEREIRA;Deputado Estadual;Apto;Deferido
PE;PSDB;45645;CLAUDIANO FERREIRA MARTINS FILHO;CLAUDIANO FILHO;Deputado Estadual;Apto;Deferido
PR;PSC;20888;CLAUDIO APARECIDO ALVES PALOZI;PALOZI;Deputado Estadual;Apto;Deferido
GO;PR;22690;CL�UDIO OLINTO MEIRELLES;CL�UDIO MEIRELLES;Deputado Estadual;Apto;Deferido
RO;PRP;44000;CLECIO MARCELINO TENORIO DE ALMEIDA;MARCELINO TENORIO;Deputado Estadual;Apto;Deferido
TO;PSL;17000;CLEITON CARDOSO DE ALMEIDA;CLEITON CARDOSO;Deputado Estadual;Apto;Deferido
PE;PP;11611;CLEITON GON�ALVES DA SILVA;PASTOR CLEITON COLLINS;Deputado Estadual;Apto;Deferido
RO;PSB;40111;CLEITON ROQUE;CLEITON ROQUE;Deputado Estadual;Apto;Deferido
SP;PHS;31031;CLELIA GOMES DA SILVA;CLELIA GOMES;Deputado Estadual;Apto;Deferido
PE;PSB;40444;CLODOALDO MAGALH�ES OLIVEIRA LYRA;CLODOALDO MAGALH�ES;Deputado Estadual;Apto;Deferido
BA;PC do B;65456;CRISSOSTOMO ANTONIO LIMA;Z�;Deputado Estadual;Apto;Deferido
RN;PC do B;65555;CRISTIANE BEZERRA DE SOUZA DANTAS;CRISTIANE DANTAS;Deputado Estadual;Apto;Deferido
MG;PT;13120;CRISTIANO TADEU DA SILVEIRA;CRISTIANO SILVEIRA;Deputado Estadual;Apto;Deferido
MG;PSDB;45222;DALMO ROBERTO RIBEIRO SILVA;DALMO RIBEIRO;Deputado Estadual;Apto;Deferido
AC;PT;13123;DANIEL QUEIROZ DE SANT'ANA;DANIEL ZEN;Deputado Estadual;Apto;Deferido
RJ;PMDB;15000;DANIELE CRISTINA FIGUEIREDO FONTOURA;DANIELE GUERREIRO;Deputado Estadual;Apto;Deferido
PB;PP;11111;DANIELLA VELLOSO BORGES RIBEIRO;DANIELLA RIBEIRO;Deputado Estadual;Apto;Deferido
CE;PMDB;15333;DANNIEL LOPES DE OLIVEIRA SOUSA;DANNIEL OLIVEIRA;Deputado Estadual;Apto;Deferido
SC;PSD;55000;DARCI DE MATOS;DARCI DE MATOS;Deputado Estadual;Apto;Deferido
ES;PRP;44569;DARY ALVES PAGUNG;DARY PAGUNG;Deputado Estadual;Apto;Deferido
AM;PSD;55055;DAVID ANTONIO ABISAI PEREIRA DE ALMEIDA;DAVID ALMEIDA;Deputado Estadual;Apto;Deferido
AL;PSB;40699;DAVID CABRAL DAVINO FILHO;DAVI DAVINO;Deputado Estadual;Apto;Deferido
CE;PRB;10000;DAVID DE ALBUQUERQUE DURAND;DAVID DURAND;Deputado Estadual;Apto;Deferido
BA;PROS;90900;DAVID SILVA RIOS;DR. DAVID RIOS;Deputado Estadual;Apto;Deferido
SP;PPS;23123;DAVID ZAIA;DAVI ZAIA;Deputado Estadual;Apto;Deferido
MG;PR;22100;DEIR� MOREIRA MARRA;DEIR� MARRA;Deputado Estadual;Apto;Deferido
RJ;PTN;19456;DEODALTO JOSE FERREIRA;DR. DEODALTO;Deputado Estadual;Apto;Deferido
AM;PDT;12222;DERMILSON CARVALHO DAS CHAGAS;DERMILSON CHAGAS;Deputado Estadual;Apto;Deferido
PR;PSC;20410;DEVANIL REGINALDO DA SILVA;COBRA REPORTER;Deputado Estadual;Apto;Deferido
RR;PSL;17258;DHIEGO COELHO FOGA�A;DHIEGO COELHO;Deputado Estadual;Apto;Deferido
GO;PSD;55333;DIEGO VAZ SORGATTO;DIEGO SORGATTO;Deputado Estadual;Apto;Deferido
MT;DEM;25125;DILMAR DAL BOSCO;DILMAR DALBOSCO;Deputado Estadual;Apto;Deferido
MG;PTB;14190;DILZON LUIZ DE MELO;DILZON MELO;Deputado Estadual;Apto;Deferido
PB;PSDB;45245;DINALDO MEDEIROS WANDERLEY FILHO;DINALDINHO;Deputado Estadual;Apto;Deferido
RS;PDT;12456;DIOGENES LUIS BASEGIO;DR BASEGIO;Deputado Estadual;Apto;Deferido
PE;PSB;40100;DIOGO CAS� MORAES;DIOGO MORAES;Deputado Estadual;Apto;Deferido
RJ;PP;11111;DION�SIO DE SOUZA LINS;DION�SIO LINS;Deputado Estadual;Apto;Deferido
SC;PMDB;15234;DIRCE APARECIDA HEIDERSCHEIDT;DIRCE HEIDERSCHEIDT;Deputado Estadual;Apto;Deferido
MG;PHS;31111;DIRCEU DOS SANTOS RIBEIRO;DIRCEU RIBEIRO;Deputado Estadual;Apto;Deferido
SC;PT;13450;DIRCEU LUIZ DRESCH;DIRCEU DRESCH;Deputado Estadual;Apto;Deferido
PA;PT;13133;DIRCEU TEN CATEN PIES;DIRCEU TEN CATEN;Deputado Estadual;Apto;Deferido
PA;PRB;10147;DIVINO DOS SANTOS;DIVINO;Deputado Estadual;Apto;Deferido
RJ;PMDB;15101;DOMINGOS INACIO BRAZ�O;DOMINGOS BRAZ�O;Deputado Estadual;Apto;Deferido
MG;PT;13139;DURVAL �NGELO ANDRADE;DURVAL �NGELO;Deputado Estadual;Apto;Deferido
AC;PSDC;27000;EBER SILVA MACHADO;EBER MACHADO;Deputado Estadual;Apto;Deferido
MA;PV;43333;EDILAZIO GOMES DA SILVA JUNIOR;EDILAZIO;Deputado Estadual;Apto;Deferido
PE;PSOL;50000;EDILSON FRANCISCO DA SILVA;EDILSON SILVA;Deputado Estadual;Apto;Deferido
AL;PSDB;45555;EDIVAL VIEIRA GAIA FILHO;EDVAL GAIA;Deputado Estadual;Apto;Deferido
MA;PTC;36123;EDIVALDO DE HOLANDA BRAGA;EDIVALDO HOLANDA;Deputado Estadual;Apto;Deferido
BA;PSC;20777;EDIVAN FERNANDES DE ALMEIDA;VANDO;Deputado Estadual;Apto;Deferido
PB;PEN;51789;EDMILSON DE ARAUJO SOARES;EDMILSON SOARES;Deputado Estadual;Apto;Deferido
SP;DEM;25118;EDMIR JOS� ABI CHEDID;EDMIR CHEDID;Deputado Estadual;Apto;Deferido
AP;PROS;90369;EDNA AUZIER;EDNA AUZIER;Deputado Estadual;Apto;Deferido
RJ;PMDB;15088;EDSON ALBERTASSI;EDSON ALBERTASSI;Deputado Estadual;Apto;Deferido
MA;PSL;17888;EDSON CUNHA DE ARAUJO;EDSON ARAUJO;Deputado Estadual;Apto;Deferido
PR;PRB;10123;EDSON DA SILVA PRACZYK;PASTOR EDSON PRACZYK;Deputado Estadual;Apto;Deferido
PI;PSD;55132;EDSON DE CASTRO FERREIRA;EDSON FERREIRA;Deputado Estadual;Apto;Deferido
SP;PV;43001;EDSON DE OLIVEIRA GIRIBONI;GIRIBONI;Deputado Estadual;Apto;Deferido
ES;DEM;25123;EDSON FIGUEIREDO MAGALH�ES;EDSON MAGALH�ES;Deputado Estadual;Apto;Deferido
RO;PMDB;15800;EDSON MARTINS DE PAULA;EDSON MARTINS;Deputado Estadual;Apto;Deferido
RS;PMDB;15200;EDSON MEURER BRUM;EDSON BRUM;Deputado Estadual;Apto;Deferido
SP;PSB;40123;EDSON TOMAZINI;ED THOMAS;Deputado Estadual;Apto;Deferido
AL;PSD;55000;EDUARDO ANTONIO MACEDO HOLANDA;DUDU HOLLANDA;Deputado Estadual;Apto;Deferido
TO;PPS;23222;EDUARDO BONAGURA;EDUARDO DO DERTINS;Deputado Estadual;Apto;Deferido
RS;PDT;12412;EDUARDO DEBACCO LOUREIRO;EDUARDO LOUREIRO;Deputado Estadual;Apto;Deferido
MA;PMN;33123;EDUARDO SALIM BRAIDE;EDUARDO BRAIDE;Deputado Estadual;Apto;Deferido
BA;PP;11222;EDUARDO SEIXAS DE SALLES;EDUARDO SALLES;Deputado Estadual;Apto;Deferido
TO;PMDB;15115;ELENIL DA PENHA ALVES DE BRITO;ELENIL DA PENHA;Deputado Estadual;Apto;Deferido
TO;PROS;90100;ELI DIAS BORGES;ELI BORGES;Deputado Estadual;Apto;Deferido
PA;PSDB;45555;ELIANE ALVES DA SILVA;ELIANE LIMA;Deputado Estadual;Apto;Deferido
GO;PMN;33456;ELIANE GON�ALVES PINHEIRO;ELIANE PINHEIRO;Deputado Estadual;Apto;Deferido
AC;PMDB;15555;ELIANE PEREIRA SINHASIQUE;ELIANE SINHASIQUE;Deputado Estadual;Apto;Deferido
PA;SD;77777;ELIEL PEREIRA FAUSTINO FILHO;ELIEL FAUSTINO;Deputado Estadual;Apto;Deferido
PR;DEM;25155;ELIO LINO RUSCH;ELIO RUSCH;Deputado Estadual;Apto;Deferido
RJ;PSOL;50050;ELIOMAR DE SOUZA COELHO;ELIOMAR COELHO;Deputado Estadual;Apto;Deferido
SP;PT;13456;ELISABETH SAH�O;BETH SAH�O;Deputado Estadual;Apto;Deferido
MG;PT;13913;ELISMAR FERNANDES PRADO;ELISMAR PRADO;Deputado Estadual;Apto;Deferido
AP;PTB;14122;ELIZALMIRA DO SOCORRO ROCHA ARRAES FREIRES;MIRA ROCHA;Deputado Estadual;Apto;Deferido
CE;PT;13123;ELMANO DE FREITAS DA COSTA;ELMANO;Deputado Estadual;Apto;Deferido
RS;PSB;40120;ELTON ROBERTO WEBER;ELTON WEBER;Deputado Estadual;Apto;Deferido
MT;PR;22007;EMANUEL PINHEIRO;EMANUEL PINHEIRO;Deputado Estadual;Apto;Deferido
MG;PT do B;70200;EMIDIO ALVES MADEIRA JUNIOR;EMIDINHO MADEIRA;Deputado Estadual;Apto;Deferido
RS;PDT;12777;ENIO EGON BERGMANN BACCI;ENIO BACCI;Deputado Estadual;Apto;Deferido
SP;PT;13114;ENIO FRANCISCO TATTO;ENIO TATTO;Deputado Estadual;Apto;Deferido
ES;PSD;55555;ENIVALDO EUZEBIO DOS ANJOS;ENIVALDO DOS ANJOS;Deputado Estadual;Apto;Deferido
PA;PMDB;15000;ERALDO SORGE SEBASTI�O PIMENTA;ERALDO PIMENTA;Deputado Estadual;Apto;Deferido
ES;PP;11190;ERICK CABRAL MUSSO;ERICK MUSSO;Deputado Estadual;Apto;Deferido
AP;PRB;10116;ERICLAUDIO ALENCAR ROCHA;ERICLAUDIO;Deputado Estadual;Apto;Deferido
RS;PP;11411;ERNANI POLO;ERNANI POLO;Deputado Estadual;Apto;Deferido
GO;PMDB;15800;ERNESTO GUIMAR�ES ROLLER;ERNESTO ROLLER;Deputado Estadual;Apto;Deferido
CE;PSD;55455;ESMERINO OLIVEIRA ARRUDA COELHO J�NIOR;GONY ARRUDA;Deputado Estadual;Apto;Deferido
PB;PSB;40000;ESTELIZABEL BEZERRA DE SOUZA;ESTELA BEZERRA;Deputado Estadual;Apto;Deferido
SP;DEM;25199;ESTEVAM GALV�O DE OLIVEIRA;ESTEVAM GALV�O;Deputado Estadual;Apto;Deferido
ES;PDT;12444;EUCLERIO DE AZEVEDO SAMPAIO JUNIOR;EUCLERIO SAMPAIO;Deputado Estadual;Apto;Deferido
BA;PDT;12393;EUCLIDES NUNES FERNANDES;EUCLIDES FERNANDES;Deputado Estadual;Apto;Deferido
PI;PTC;36789;EVALDO GOMES DA SILVA;EVALDO GOMES;Deputado Estadual;Apto;Deferido
PR;PSDB;45456;EVANDRO BUQUERA DE FREITAS OLIVEIRA JUNIOR;EVANDRO JUNIOR;Deputado Estadual;Apto;Deferido
CE;PDT;12000;EVANDRO S� BARRETO LEIT�O;EVANDRO LEIT�O;Deputado Estadual;Apto;Deferido
RR;PT;13456;EVANGELISTA SOARES SIQUEIRA;EVANGELISTA SIQUEIRA;Deputado Estadual;Apto;Deferido
PE;PP;11900;EVERALDO CABRAL DE OLIVEIRA;EVERALDO CABRAL;Deputado Estadual;Apto;Deferido
RN;PMDB;15678;EZEQUIEL GALVAO FERREIRA DE SOUZA;EZEQUIEL FERREIRA;Deputado Estadual;Apto;Deferido
RO;PSDC;27777;EZEQUIEL JUNIOR SANTOS DA COSTA;EZEQUIEL JUNIOR;Deputado Estadual;Apto;Deferido
MG;PPS;23000;FABIANO GALLETTI TOLENTINO;FABIANO TOLENTINO;Deputado Estadual;Apto;Deferido
RS;PMDB;15550;F�BIO DE OLIVEIRA BRANCO;F�BIO BRANCO;Deputado Estadual;Apto;Deferido
RJ;PMDB;15300;FABIO FRANCISCO DA SILVA;FABIO SILVA;Deputado Estadual;Apto;Deferido
MA;PDT;12121;F�BIO HENRIQUE DIAS DE  MACEDO;F�BIO MACEDO;Deputado Estadual;Apto;Deferido
PI;PR;22222;FABIO HENRIQUE MENDON�A XAVIER DE OLIVEIRA;F�BIO XAVIER;Deputado Estadual;Apto;Deferido
MA;PT do B;70123;FABIO HENRIQUE RAMOS BRAGA;FABIO BRAGA;Deputado Estadual;Apto;Deferido
MG;PT do B;70123;FABIO JOSE DE OLIVEIRA;FABIO AVELAR;Deputado Estadual;Apto;Deferido
BA;DEM;25110;FABIO LOUREIRO SOUTO;FABIO SOUTO;Deputado Estadual;Apto;Deferido
PI;PT;13111;F�BIO NUNEZ NOVO;F�BIO NOVO;Deputado Estadual;Apto;Deferido
BA;PSB;40040;FABIOLA MANSUR DE CARVALHO;FABIOLA MANSUR;Deputado Estadual;Apto;Deferido
AP;PSOL;50000;FABRICIO BEVILACQUA FURLAN;FABRICIO FURLAN;Deputado Estadual;Apto;Deferido
RJ;PTB;14198;FARID ABR�O DAVID;FARID ABR�O;Deputado Estadual;Apto;Deferido
SP;PEN;51777;FELICIANO NAHIMY FILHO;FELICIANO;Deputado Estadual;Apto;Deferido
MG;PP;11911;FELIPE JOS� FONSECA ATTI�;FELIPE ATTI�;Deputado Estadual;Apto;Deferido
CE;PR;22000;FERNANDA ENEIDA PESSOA CARACAS DE SOUZA;FERNANDA PESSOA;Deputado Estadual;Apto;Deferido
PI;PTB;14114;FERNANDO ALBERTO DE BRITO MONTEIRO;FERNANDO MONTEIRO;Deputado Estadual;Apto;Deferido
PA;PSD;55123;FERNANDO ANT�NIO RODRIGUES COIMBRA;FERNANDO COIMBRA;Deputado Estadual;Apto;Deferido
SP;PSDB;45700;FERNANDO CAPEZ;FERNANDO CAPEZ;Deputado Estadual;Apto;Deferido
SP;PPS;23456;FERNANDO HENRIQUE CURY;FERNANDO CURY;Deputado Estadual;Apto;Deferido
RN;PT;13666;FERNANDO WANDERLEY VARGAS DA SILVA;MINEIRO;Deputado Estadual;Apto;Deferido
RJ;PR;22111;FILIPE BEZERRA RIBEIRO SOARES;FILIPE SOARES;Deputado Estadual;Apto;Deferido
PI;PSDB;45145;FIRMINO SOARES PAULO;FIRMINO PAULO;Deputado Estadual;Apto;Deferido
RJ;PSOL;50111;FL�VIO ALVES SERAFINI;FL�VIO SERAFINI;Deputado Estadual;Apto;Deferido
MS;PSDB;45456;FLAVIO ESGAIB KAYATT;FLAVIO KAYATT;Deputado Estadual;Apto;Deferido
RJ;PP;11120;FLAVIO NANTES BOLSONARO;FL�VIO BOLSONARO;Deputado Estadual;Apto;Deferido
PI;PDT;12369;FLAVIO RODRIGUES NOGUEIRA JUNIOR;FLAVIO NOGUEIRA JR;Deputado Estadual;Apto;Deferido
PI;PT;13678;FLORA IZABEL NOBRE RODRIGUES;FLORA IZABEL;Deputado Estadual;Apto;Deferido
RR;PSDB;45555;FRANCISCA AURELINA DE MEDEIROS LIMA;AURELINA;Deputado Estadual;Apto;Deferido
MA;PT;13888;FRANCISCA FERREIRA;FRANCISCA PRIMO;Deputado Estadual;Apto;Deferido
RR;PRP;44456;FRANCISCO ADJAFRE DE SOUSA NETO;FRANCISCO MOZART;Deputado Estadual;Apto;Deferido
SP;PV;43033;FRANCISCO ANTONIO SARDELLI;CHICO SARDELLI;Deputado Estadual;Apto;Deferido
TO;PMDB;15100;FRANCISCO DA ROCHA MIRANDA;ROCHA MIRANDA;Deputado Estadual;Apto;Deferido
PI;PT;13123;FRANCISCO DAS CHAGAS LIMMA;LIMMA;Deputado Estadual;Apto;Deferido
AC;PMDB;15120;FRANCISCO DAS CHAGAS ROMAO;CHAGAS ROM�O;Deputado Estadual;Apto;Deferido
PA;PMDB;15555;FRANCISCO DAS CHAGAS SILVA MELO FILHO;CHIC�O;Deputado Estadual;Apto;Deferido
RR;PROS;90188;FRANCISCO DE SALES GUERRA NETO;CHICO GUERRA;Deputado Estadual;Apto;Deferido com recurso
MA;PTN;19222;FRANCISCO DE SOUSA DIAS NETO;SOUSA NETO;Deputado Estadual;Apto;Deferido
AM;PSC;20123;FRANCISCO DE SOUZA;FRANCISCO SOUZA;Deputado Estadual;Apto;Deferido
RR;PC do B;65190;FRANCISCO DOS SANTOS SAMPAIO;SOLDADO SAMPAIO;Deputado Estadual;Apto;Deferido
CE;PSDC;27022;FRANCISCO ELY AGUIAR ALVES;ELY AGUIAR;Deputado Estadual;Apto;Deferido
SE;PT;13300;FRANCISCO GUALBERTO DA ROCHA;FRANCISCO GUALBERTO;Deputado Estadual;Apto;Deferido
RR;PP;11111;FRANCISCO JOS� BRITO BEZERRA;BRITO BEZERRA;Deputado Estadual;Apto;Deferido
PR;PSD;55655;FRANCISCO LACERDA BRASILEIRO;CHICO BRASILEIRO;Deputado Estadual;Apto;Deferido
RJ;PMN;33345;FRANCISCO MANOEL DE CARVALHO;CHIQUINHO DA MANGUEIRA;Deputado Estadual;Apto;Deferido
CE;PSD;55555;FRANCISCO OSMAR DI�GENES BAQUIT;OSMAR BAQUIT;Deputado Estadual;Apto;Deferido
GO;PSD;55255;FRANCISCO RODRIGUES VALE JUNIOR;FRANCISCO JR;Deputado Estadual;Apto;Deferido
GO;PHS;31789;FRANCISCO SOBRINHO DE OLIVEIRA;FRANCISCO OLIVEIRA;Deputado Estadual;Apto;Deferido
PE;PSB;40654;FRANCISMAR MENDES PONTES;FRANCISMAR;Deputado Estadual;Apto;Deferido
AM;PSDB;45145;FRANK LUIZ DA CUNHA GARCIA;BI GARCIA;Deputado Estadual;Apto;Deferido
MG;PEN;51333;FREDERICO BORGES DA COSTA;FRED COSTA;Deputado Estadual;Apto;Deferido
RS;PP;11122;FREDERICO CANTORI ANTUNES;FREDERICO ANTUNES;Deputado Estadual;Apto;Deferido
RR;PRB;10111;GABRIEL FIGUEIRA PESSOA PICAN�O;GABRIEL PICAN�O;Deputado Estadual;Apto;Deferido
SC;PSD;55282;GABRIEL SELL RIBEIRO;GABRIEL RIBEIRO;Deputado Estadual;Apto;Deferido
RS;PMDB;15000;GABRIEL VIEIRA DE SOUZA;GABRIEL SOUZA;Deputado Estadual;Apto;Deferido
AL;PRB;10000;GALBA NOVAIS DE CASTRO J�NIOR;GALBA NOVAES;Deputado Estadual;Apto;Deferido
SC;PMDB;15650;GEAN MARQUES LOUREIRO;GEAN LOUREIRO;Deputado Estadual;Apto;Deferido
AC;PP;11111;GEHLEN DINIZ ANDRADE;GEHLEN DINIZ;Deputado Estadual;Apto;Deferido
SC;PSD;55123;GELSON LUIZ MERISIO;GELSON MERISIO;Deputado Estadual;Apto;Deferido
PB;PT do B;70123;GENIVAL MATIAS DE OLIVEIRA FILHO;GENIVAL MATIAS;Deputado Estadual;Apto;Deferido
RR;PSDC;27123;GEORGE DA SILVA DE MELO;GEORGE MELO;Deputado Estadual;Apto;Deferido
RN;PR;22222;GEORGE MONTENEGRO SOARES;GEORGE SOARES;Deputado Estadual;Apto;Deferido
MS;PDT;12012;GEORGE TAKIMOTO;DR. GEORGE TAKIMOTO;Deputado Estadual;Apto;Deferido
SE;PTC;36777;GEORGEO ANTONIO CESPEDES PASSOS;GEORGEO PASSOS;Deputado Estadual;Apto;Deferido
PI;PSD;55789;GEORGIANO FERNANDES LIMA NETO;GEORGIANO;Deputado Estadual;Apto;Deferido
SP;PT;13147;GERALDO LEITE DA CRUZ;GERALDO CRUZ;Deputado Estadual;Apto;Deferido
RJ;PR;22654;GERALDO ROBERTO SIQUEIRA DE SOUZA;GERALDO PUDIM;Deputado Estadual;Apto;Deferido
RS;PDT;12312;GERSON BURMANN;GERSON BURMANN;Deputado Estadual;Apto;Deferido
RR;PRTB;28028;GERSON CHAGAS;CORONEL CHAGAS;Deputado Estadual;Apto;Deferido
PB;PMDB;15199;GERV�SIO AGRIPINO MAIA;GERVASIO MAIA;Deputado Estadual;Apto;Deferido
PI;PRB;10123;GESSIVALDO ISAIAS DE CARVALHO SILVA;PASTOR GESSIVALDO;Deputado Estadual;Apto;Deferido
RN;DEM;25110;GETULIO NUNES DO REGO;GETULIO REGO;Deputado Estadual;Apto;Deferido
SP;DEM;25558;GIL LANCASTER FRAZ�O DE MORAES;GIL LANCASTER;Deputado Estadual;Apto;Deferido
MG;PRB;10100;GILBERTO APARECIDO ABRAMO;GILBERTO ABRAMO;Deputado Estadual;Apto;Deferido
RS;PMDB;15160;GILBERTO CAPOANI;GILBERTO CAPOANI;Deputado Estadual;Apto;Deferido
MG;PP;11210;GILBERTO WAGNER MARTINS PEREIRA ANTUNES;GIL PEREIRA;Deputado Estadual;Apto;Deferido
ES;PV;43456;GILDEVAN ALVES FERNANDES;GILDEVAN FERNANDES;Deputado Estadual;Apto;Deferido
SP;PRB;10123;GILMACI DOS SANTOS BARBOSA;GILMACI SANTOS;Deputado Estadual;Apto;Deferido
RS;PDT;12333;GILMAR SOSSELLA;GILMAR SOSSELLA;Deputado Estadual;Apto;Deferido
SE;PTC;36123;GILSON ANDRADE DE OLIVEIRA;DR GILSON ANDRADE;Deputado Estadual;Apto;Deferido
PR;PSC;20044;GILSON DE SOUZA;GILSON DE SOUZA;Deputado Estadual;Apto;Deferido
ES;PR;22300;GILSON DOS SANTOS LOPES FILHO;GILSINHO LOPES;Deputado Estadual;Apto;Deferido
AL;PSDB;45222;GILVAN GOMES BARROS FILHO;GILVAN BARROS FILHO;Deputado Estadual;Apto;Deferido
SP;PSL;17999;GIRL�NIO GOMES DE OLIVEIRA;GILENO;Deputado Estadual;Apto;Deferido
BA;PT;13234;GIVALDO DA SILVA LOPES;GIKA;Deputado Estadual;Apto;Deferido
AL;PROS;90123;GIVALDO DE S� GOUVEIA J�NIOR;CARIMB�O J�NIOR;Deputado Estadual;Apto;Deferido
MA;PRB;10234;GLALBERT NASCIMENTO CUTRIM;GLALBERT CUTRIM;Deputado Estadual;Apto;Deferido
RJ;PSOL;50030;GLAUCIO JOSE DE MATTOS JULIANELLI;DR. JULIANELLI;Deputado Estadual;Apto;Deferido
RO;PSDC;27456;GLAUCIONE MARIA RODRIGUES;GLAUCIONE;Deputado Estadual;Apto;Deferido
MG;PTN;19123;GLYCON MOREIRA FRANCO;GLAYCON FRANCO;Deputado Estadual;Apto;Deferido
MS;PR;22123;GRAZIELLE SALGADO MACHADO;GRAZIELLE MACHADO;Deputado Estadual;Apto;Deferido
ES;PMDB;15555;GUERINO LUIZ ZANON;GUERINO ZANON;Deputado Estadual;Apto;Deferido
MT;PSDB;45000;GUILHERME ANTONIO MALUF;GUILHERME MALUF;Deputado Estadual;Apto;Deferido
PE;PDT;12345;GUILHERME ARISTOTELES UCHOA CAVALCANTI PESSOA DE MELO;GUILHERME UCHOA;Deputado Estadual;Apto;Deferido
MG;PSDB;45678;GUSTAVO DA CUNHA PEREIRA VALADARES;GUSTAVO VALADARES;Deputado Estadual;Apto;Deferido
MG;DEM;25789;GUSTAVO DE FARIA DIAS CORREA;GUSTAVO CORREA;Deputado Estadual;Apto;Deferido
RN;PROS;90888;GUSTAVO HENRIQUE LIMA DE CARVALHO;GUSTAVO CARVALHO;Deputado Estadual;Apto;Deferido
GO;PSDB;45222;GUSTAVO KOPPAN FAIAD SEBBA;GUSTAVO SEBBA;Deputado Estadual;Apto;Deferido
RN;PMDB;15123;GUSTAVO REGIO TORQUATO FERNANDES;GUSTAVO FERNANDES;Deputado Estadual;Apto;Deferido
RJ;PMDB;15212;GUSTAVO REIS FERREIRA;GUSTAVO TUTUCA;Deputado Estadual;Apto;Deferido
PI;PSB;40555;GUSTAVO SOUSA DE NEIVA;GUSTAVO NEIVA;Deputado Estadual;Apto;Deferido
PA;DEM;25456;HAROLDO MARTINS E SILVA;DR. HAROLDO MARTINS;Deputado Estadual;Apto;Deferido
AC;PDT;12300;HEITOR ANDRADE DE MACEDO FILHO;HEITOR JUNIOR;Deputado Estadual;Apto;Deferido
CE;PDT;12350;HEITOR CORREIA FERRER;HEITOR FERRER;Deputado Estadual;Apto;Deferido
GO;DEM;25111;HELIO ANTONIO DE SOUSA;DR. HELIO;Deputado Estadual;Apto;Deferido
PI;PTB;14454;H�LIO ISA�AS DA SILVA;H�LIO ISA�AS;Deputado Estadual;Apto;Deferido
SP;PSDB;45610;HELIO NISHIMOTO;HELIO NISHIMOTO;Deputado Estadual;Apto;Deferido
MG;PV;43120;HELY TARQUINIO;DR. HELY;Deputado Estadual;Apto;Deferido
MA;PV;43000;HEMETERIO WEBA FILHO;HEMETERIO WEBA;Deputado Estadual;Apto;Deferido
PE;PR;22222;HENRIQUE JOS� QUEIROZ COSTA;HENRIQUE QUEIROZ;Deputado Estadual;Apto;Deferido
GO;PTB;14141;HENRIQUE PAULISTA ARANTES;HENRIQUE ARANTES;Deputado Estadual;Apto;Deferido
ES;PMDB;15100;H�RCULES SILVEIRA;DOUTOR H�RCULES;Deputado Estadual;Apto;Deferido
RN;PMDB;15100;HERMANO DA COSTA MORAES;HERMANO MORAIS;Deputado Estadual;Apto;Deferido
BA;PMDB;15456;HILD�CIO ANTONIO MEIRELES FILHO;HILD�CIO MEIRELES;Deputado Estadual;Apto;Deferido
PA;SD;77123;HILTON ALVES  DE AGUIAR;HILTON AGUIAR;Deputado Estadual;Apto;Deferido
ES;PT;13333;HONORIO JOSE DE SIQUEIRA;PADRE HONORIO;Deputado Estadual;Apto;Deferido
ES;PRP;44300;HUDSON SOARES LEAL;HUDSON LEAL;Deputado Estadual;Apto;Deferido
MA;PDT;12345;HUMBERTO IVAR ARAUJO COUTINHO;HUMBERTO COUTINHO;Deputado Estadual;Apto;Deferido
MS;PDT;12000;HUMBERTO REZENDE PEREIRA;BETO PEREIRA;Deputado Estadual;Apto;Deferido
PB;PMDB;15123;HUMBERTO TROCOLLI JUNIOR;TROCOLLI JR;Deputado Estadual;Apto;Deferido
PR;PSC;20088;HUSSEIN BAKRI;HUSSEIN BAKRI;Deputado Estadual;Apto;Deferido
SP;PTN;19111;IGOR SOARES EBERT;IGOR SOARES;Deputado Estadual;Apto;Deferido
MG;PV;43000;IN�CIO FRANCO;INACIO FRANCO;Deputado Estadual;Apto;Deferido
PB;PT do B;70000;IN�CIO JUSTINO FALC�O PEREIRA;IN�CIO FALC�O;Deputado Estadual;Apto;Deferido
AL;PSB;40123;INACIO LOIOLA DAMASCENO FREITAS;INACIO LOIOLA;Deputado Estadual;Apto;Deferido
SE;PC do B;65555;INALDO LUIS DA SILVA;PADRE INALDO;Deputado Estadual;Apto;Deferido
MG;DEM;25141;IONE MARIA PINHEIRO;IONE PINHEIRO;Deputado Estadual;Apto;Deferido
MG;PMDB;15101;IRAN ALMEIDA BARBOSA;IRAN BARBOSA;Deputado Estadual;Apto;Deferido
PA;PMDB;15678;IRAN ATAIDE DE LIMA;IRAN LIMA;Deputado Estadual;Apto;Deferido
RJ;PSD;55000;IRANILDO CAMPOS;IRANILDO CAMPOS;Deputado Estadual;Apto;Deferido
MG;PMN;33123;ISAURO JOSE DE CALAIS FILHO;ISAURO CALAIS;Deputado Estadual;Apto;Deferido
SC;PSD;55777;ISMAEL DOS SANTOS;ISMAEL DOS SANTOS;Deputado Estadual;Apto;Deferido
AL;PDT;12000;ISNALDO BULHOES BARROS JUNIOR;ISNALDO BULH�ES;Deputado Estadual;Apto;Deferido
SP;PMDB;15300;ITAMAR FRANCISCO MACHADO BORGES;ITAMAR BORGES;Deputado Estadual;Apto;Deferido
MG;PMDB;15222;IVAIR NOGUEIRA DO PINHO;IVAIR NOGUEIRA;Deputado Estadual;Apto;Deferido
BA;PSD;55456;IVANA TEIXEIRA BASTOS;IVANA BASTOS;Deputado Estadual;Apto;Deferido
CE;PROS;90111;IVO FERREIRA GOMES;IVO GOMES;Deputado Estadual;Apto;Deferido
RR;PRB;10234;IZAIAS REBOU�AS MAIA;IZAIAS MAIA;Deputado Estadual;Apto;Deferido
AP;PROS;90100;JACI PENA AMANAJAS;DR.JACI;Deputado Estadual;Apto;Deferido
PB;PP;11222;JACI SEVERINO DE SOUZA;GALEGO SOUSA;Deputado Estadual;Apto;Deferido
RN;PMN;33133;JACOB HELDER GUEDES DE OLIVEIRA J�COME;JAC� J�COME;Deputado Estadual;Apto;Deferido
AP;PRB;10456;JAIME DA SILVA PEREZ;JAIME PEREZ;Deputado Estadual;Apto;Deferido
RJ;PR;22500;JAIR DE SIQUEIRA BITTENCOURT JUNIOR;JAIR BITENCOURT;Deputado Estadual;Apto;Deferido
AL;PRTB;28888;JAIR LIRA SOARES;JAIRZINHO LIRA;Deputado Estadual;Apto;Deferido
SE;PRB;10000;JAIRO SANTANA DA SILVA;JAIRO DE GL�RIA;Deputado Estadual;Apto;Deferido
RR;PSDC;27234;JALSER RENIER PADILHA;JALSER RENIER;Deputado Estadual;Apto;Deferido
MT;PSD;55123;JANAINA GREYCE RIVA MOREIRA LIMA;JANAINA RIVA;Deputado Estadual;Apto;Deferido
PI;PTB;14123;JANA�NNA PINTO MARQUES;JANA�NNA MARQUES;Deputado Estadual;Apto;Deferido
PB;PTN;19123;JANDUHY CARNEIRO SOBRINHO;JANDUHY CARNEIRO;Deputado Estadual;Apto;Deferido
RR;PSL;17789;JANE JOSE DA SILVA;XINGU;Deputado Estadual;Apto;Deferido
ES;PMN;33800;JANETE SANTOS DE S�;JANETE DE S�;Deputado Estadual;Apto;Deferido
AC;PC do B;65789;JANILSON LOPES LEITE;DR.JENILSON;Deputado Estadual;Apto;Deferido
RJ;PDT;12601;JANIO DOS SANTOS MENDES;JANIO MENDES;Deputado Estadual;Apto;Deferido
BA;PRP;44044;JANIO NATAL ANDRADE BORGES;JANIO NATAL;Deputado Estadual;Apto;Deferido com recurso
PA;PSC;20777;JAQUES DA SILVA NEVES;DR. JAQUES NEVES;Deputado Estadual;Apto;Deferido
AC;PSD;55456;JARIS DE SOUZA CARVALHO;JAIRO CARVALHO;Deputado Estadual;Apto;Deferido
GO;PHS;31221;JEAN CARLO DOS SANTOS;JEAN;Deputado Estadual;Apto;Deferido
RO;PSDB;45140;JEAN CARLOS SCHEFFER OLIVEIRA;JEAN OLIVEIRA;Deputado Estadual;Apto;Deferido
BA;PC do B;65333;JEAN FABRICIO FALCAO;FABRICIO;Deputado Estadual;Apto;Deferido
SC;PSD;55800;JEAN JACKSON KUHLMANN;JEAN KUHLMANN;Deputado Estadual;Apto;Deferido
MG;PT;13100;JEAN MARK FREIRE SILVA;DR. JEAN FREIRE;Deputado Estadual;Apto;Deferido
MG;PSC;20800;JEFERSON DOUGLAS SOARES ESTANISLAU;DOUGLAS MELO DA MUSIRAMA;Deputado Estadual;Apto;Deferido
SE;PSD;55250;JEFERSON LUIZ DE ANDRADE;JEFERSON ANDRADE;Deputado Estadual;Apto;Deferido
RS;PT;13120;JEFERSON OLIVEIRA FERNANDES;JEFERSON FERNANDES;Deputado Estadual;Apto;Deferido
GO;PRB;10123;JEFERSON RODRIGUES LEMOS;PASTOR JEFERSON RODRIGUES;Deputado Estadual;Apto;Deferido
MT;PR;22999;JEFERSON WAGNER RAMOS;WAGNER RAMOS;Deputado Estadual;Apto;Deferido
PB;PSB;40456;JEOV� VIEIRA CAMPOS;JEOV�;Deputado Estadual;Apto;Deferido
MA;PRB;10123;JESUINO CORDEIRO MENDES JUNIOR;JUNIOR VERDE;Deputado Estadual;Apto;Deferido
RO;PT do B;70190;JESU�NO SILVA BOABAID;JESU�NO BOABAID;Deputado Estadual;Apto;Deferido
AC;PDT;12222;JESUS SERGIO DE MENEZES;JESUS SERGIO;Deputado Estadual;Apto;Deferido
RJ;PSDC;27123;JO�O ALVES PEIXOTO;JO�O PEIXOTO;Deputado Estadual;Apto;Deferido
SC;PP;11333;JO�O ANT�NIO HEINZEN AMIN HELOU;JO�O AMIN;Deputado Estadual;Apto;Deferido
MS;PT;13111;JO�O BATISTA DOS SANTOS;JO�O GRAND�O;Deputado Estadual;Apto;Deferido
AL;PRTB;28123;JO�O BELTR�O SIQUEIRA;JO�O BELTR�O;Deputado Estadual;Apto;Deferido
MG;PT do B;70100;JO�O BOSCO;BOSCO;Deputado Estadual;Apto;Deferido
PB;PSL;17111;JOAO BOSCO CARNEIRO JUNIOR;JOAO BOSCO CARNEIRO JUNIOR;Deputado Estadual;Apto;Deferido
AM;PSDB;45123;JO�O BOSCO GOMES SARAIVA;BOSCO SARAIVA;Deputado Estadual;Apto;Deferido
ES;PP;11000;JOAO CARLOS LORENZONI;CACAU LORENZONI;Deputado Estadual;Apto;Deferido
PA;PMDB;15100;JO�O CHAMON NETO;CHAMON;Deputado Estadual;Apto;Deferido
PR;PPS;23600;JOAO DOUGLAS FABRICIO;DOUGLAS FABRICIO;Deputado Estadual;Apto;Deferido
RS;PT;13655;JOAO EDEGAR PRETTO;EDEGAR PRETTO;Deputado Estadual;Apto;Deferido
MS;PMDB;15123;JO�O EDUARDO BARBOSA ROCHA;EDUARDO ROCHA;Deputado Estadual;Apto;Deferido
RS;PP;11112;JO�O ERVINO FISCHER;JO�O FISCHER - FIXINHA;Deputado Estadual;Apto;Deferido
PE;PRP;44555;JO�O EUDES MACHADO TENORIO;JO�O EUDES;Deputado Estadual;Apto;Deferido
PA;PSD;55500;JO�O FERRARI J�NIOR;J�NIOR FERRARI;Deputado Estadual;Apto;Deferido
PB;PSD;55655;JO�O GON�ALVES DE AMORIM SOBRINHO;JO�O GON�ALVES;Deputado Estadual;Apto;Deferido
PB;DEM;25000;JO�O HENRIQUE DE SOUZA;JO�O HENRIQUE;Deputado Estadual;Apto;Deferido
CE;DEM;25000;JO�O JAIME GOMES MARINHO DE ANDRADE;JO�O JAIME;Deputado Estadual;Apto;Deferido
MG;PSDB;45777;JO�O LEITE DA SILVA NETO;JO�O LEITE;Deputado Estadual;Apto;Deferido
MG;PMDB;15133;JO�O L�CIO MAGALH�ES BIFANO;JO�O MAGALH�ES;Deputado Estadual;Apto;Deferido
AL;DEM;25123;JO�O LUIZ ROCHA;PASTOR JO�O LUIZ;Deputado Estadual;Apto;Deferido
PI;PMDB;15555;JO�O MADISON NOGUEIRA;JO�O MADISON;Deputado Estadual;Apto;Deferido
RS;PV;43143;JO�O OT�VIO REINELLI;JO�O REINELLI;Deputado Estadual;Apto;Deferido
SP;PT;13622;JO�O PAULO RILLO;JO�O PAULO RILLO;Deputado Estadual;Apto;Deferido
BA;PDT;12700;JOAO VITOR DE CASTRO LINO BONFIM;VITOR BONFIM;Deputado Estadual;Apto;Deferido
MG;PSDB;45200;JO�O VITOR XAVIER FAUSTINO;JO�O VITOR XAVIER DA ITATIAIA;Deputado Estadual;Apto;Deferido
PE;PSD;55155;JOAQUIM ELIAS CARNEIRO DE LIRA;JOAQUIM LIRA;Deputado Estadual;Apto;Deferido
CE;PP;11333;JOAQUIM NORONHA MOTA FILHO;JOAQUIM NORONHA;Deputado Estadual;Apto;Deferido
PE;PROS;90300;JOEL MAURINO DO CARMO;SOLDADO JOEL DA HARPA;Deputado Estadual;Apto;Deferido
AC;PT;13012;JONAS DE SOUZA LIMA;JONAS LIMA;Deputado Estadual;Apto;Deferido
PR;PMDB;15250;JONAS GUIMAR�ES;JONAS GUIMARAES;Deputado Estadual;Apto;Deferido
SP;PMDB;15622;JOOJI HATO;JOOJI HATO;Deputado Estadual;Apto;Deferido
RS;PSDB;45678;JORGE CLADISTONE POZZOBOM;JORGE POZZOBOM;Deputado Estadual;Apto;Deferido
RR;PMDB;15156;JORGE EVERTON BARRETO GUIMARAES;JORGE EVERTON;Deputado Estadual;Apto;Deferido
TO;SD;77456;JORGE FREDERICO;JORGE FREDERICO;Deputado Estadual;Apto;Deferido
SP;PMDB;15000;JORGE LUIS CARUSO;CARUSO;Deputado Estadual;Apto;Deferido
RJ;PSD;55800;JORGE MIGUEL FELIPPE POYARES BETHLEM;JORGE FELIPPE NETO;Deputado Estadual;Apto;Deferido
RJ;PMDB;15155;JORGE SAYED PICCIANI;JORGE PICCIANI;Deputado Estadual;Apto;Deferido
SP;PRB;10000;JORGE WILSON GON�ALVES DE MATTOS;JORGE WILSON XERIFE CONSUMIDOR;Deputado Estadual;Apto;Deferido
AP;PRB;10300;JORYOSVALDO QUEIROZ OEIRAS;JORY OEIRAS;Deputado Estadual;Apto;Deferido
SP;PSB;40789;JOSE ABELARDO GUIMAR�ES CAMARINHA;CAMARINHA / ABELARDO CAMARINHA;Deputado Estadual;Apto;Deferido
PE;PSB;40150;JOSE ADALTO DOS SANTOS;PRESBITERO ADALTO SANTOS;Deputado Estadual;Apto;Deferido
RN;DEM;25221;JOS� ADECIO COSTA;JOSE ADECIO;Deputado Estadual;Apto;Deferido
MA;PV;43123;JOSE ADRIANO CORDEIRO SARNEY;ADRIANO SARNEY;Deputado Estadual;Apto;Deferido
SP;PV;43135;JOS� AFONSO LOBATO;PADRE AFONSO;Deputado Estadual;Apto;Deferido
PE;PSB;40123;JOS� AGLAILSON QUERALVARES JUNIOR;AGLAILSON JUNIOR;Deputado Estadual;Apto;Deferido
CE;PP;11234;JOSE AILTON DE SOUSA BRASIL;Z� AILTON BRASIL;Deputado Estadual;Apto;Deferido
PB;PEN;51666;JOS� ALDEMIR MEIRELES DE ALMEIDA;JOS� ALDEMIR;Deputado Estadual;Apto;Deferido
SP;DEM;25122;JOS� ALDO DEMARCHI;ALDO DEMARCHI;Deputado Estadual;Apto;Deferido
PA;PR;22345;JOS� ALFREDO SILVA HAGE J�NIOR;JUNIOR HAGE;Deputado Estadual;Apto;Deferido
MS;PT;13699;JOS� ALMI PEREIRA  MOURA;DEPUTADO CABO ALMI;Deputado Estadual;Apto;Deferido
PE;PSB;40777;JOS� ALUISIO LESSA DA SILVA FILHO;ALUISIO LESSA;Deputado Estadual;Apto;Deferido
SP;PT;13140;JOSE AMERICO ASC�NCIO DIAS;JOS� AM�RICO;Deputado Estadual;Apto;Deferido
SP;PSDB;45545;JOSE ANTONIO BARROS MUNHOZ;BARROS MUNHOZ;Deputado Estadual;Apto;Deferido
GO;PTB;14147;JOS� ANT�NIO DA SILVA NETTO;Z� ANT�NIO;Deputado Estadual;Apto;Deferido
MT;PDT;12345;JOSE ANTONIO GON�ALVES VIANA;ZECA VIANA;Deputado Estadual;Apto;Deferido
PA;PMDB;15500;JOS� ANT�NIO SCAFF FILHO;SCAFF;Deputado Estadual;Apto;Deferido
GO;PSDB;45678;JOSE ANT�NIO VITTI;JOS� VITTI;Deputado Estadual;Apto;Deferido
MA;PSDB;45678;JOS� ARIMAT�A LIMA NETO EVANGELISTA;NETO EVANGELISTA;Deputado Estadual;Apto;Deferido
AM;DEM;25622;JOS� AUGUSTO FERRAZ DE LIMA;AUGUSTO FERRAZ;Deputado Estadual;Apto;Deferido
TO;PR;22111;JOS� BONIF�CIO GOMES DE SOUZA;JOS� BONIF�CIO;Deputado Estadual;Apto;Deferido
MG;PSDB;45123;JOS� BONIF�CIO MOUR�O;MOURAO;Deputado Estadual;Apto;Deferido
RJ;PP;11345;JOSE CAMILO ZITO DOS SANTOS FILHO;ZITO;Deputado Estadual;Apto;Deferido
MS;PSB;40456;JOS� CARLOS BARBOSA;BARBOSINHA;Deputado Estadual;Apto;Deferido
AP;PT do B;70369;JOSE CARLOS CARVALHO BARBOSA;KAK�;Deputado Estadual;Apto;Deferido
MT;SD;77000;JOSE CARLOS JUNQUEIRA DE ARAUJO;Z� CARLOS DO P�TIO;Deputado Estadual;Apto;Deferido
MA;PHS;31111;JOSE CARLOS NOBRE MONTEIRO;CARLINHOS FLORENCIO;Deputado Estadual;Apto;Deferido
ES;PT;13690;JOSE CARLOS NUNES DA SILVA;NUNES;Deputado Estadual;Apto;Deferido
PR;PP;11223;JOSE CARLOS SCHIAVINATO;SCHIAVINATO;Deputado Estadual;Apto;Deferido
SP;PSDB;45151;JOSE CARLOS VAZ DE LIMA;VAZ DE LIMA;Deputado Estadual;Apto;Deferido
MG;PC do B;65112;JOSE CELIO DE ALVARENGA;CELINHO DO SINTTROCEL;Deputado Estadual;Apto;Deferido
BA;PT;13123;JOS� CERQUEIRA DE SANTANA NETO;Z� NETO;Deputado Estadual;Apto;Deferido
BA;PRB;10456;JOS� DE ARIMATEIA CORIOLANO DE PAIVA;PASTOR JOS� DE ARIMATEIA;Deputado Estadual;Apto;Deferido
SE;PMDB;15555;JOS� DE OLIVEIRA GUIMAR�ES;ZEZINHO GUIMAR�ES;Deputado Estadual;Apto;Deferido
RN;PSD;55123;JOS� DIAS DE SOUZA MARTINS;JOS� DIAS;Deputado Estadual;Apto;Deferido
MT;PSD;55456;JOS� DOMINGOS FRAGA FILHO;Z� DOMINGOS;Deputado Estadual;Apto;Deferido
MT;PSB;40650;JOSE EDUARDO BOTELHO;BOTELHO;Deputado Estadual;Apto;Deferido
TO;PTB;14777;JOS� EDUARDO DE SIQUEIRA CAMPOS;EDUARDO SIQUEIRA CAMPOS;Deputado Estadual;Apto;Deferido
PA;PTB;14444;JOSE EDUARDO PEREIRA DA COSTA;EDUARDO COSTA;Deputado Estadual;Apto;Deferido
PE;PHS;31456;JOS� EDUINO DE BRITO CAVALCANTI;EDUINO;Deputado Estadual;Apto;Deferido
PE;PTC;36111;JOS� ERIBERTO MEDEIROS DE OLIVEIRA;ERIBERTO MEDEIROS;Deputado Estadual;Apto;Deferido
RO;PTN;19429;JOSE EURIPEDES CLEMENTE;LEBR�O;Deputado Estadual;Apto;Deferido
ES;PSB;40100;JOSE EUSTAQUIO DE FREITAS;FREITAS;Deputado Estadual;Apto;Deferido
PR;PSDB;45680;JOS� FRANCISCO BUHRER;FRANCISCO BUHRER;Deputado Estadual;Apto;Deferido
AL;PMN;33333;JOSE FRANCISCO CERQUEIRA TENORIO;FRANCISCO TENORIO;Deputado Estadual;Apto;Deferido
RN;PSD;55555;JOSE GALENO DIOGENES TORQUATO;GALENO;Deputado Estadual;Apto;Deferido
PR;PSB;40590;JOS� GILBERTO DO CARMO ALVES RIBEIRO;GILBERTO RIBEIRO;Deputado Estadual;Apto;Deferido
PI;PTC;36123;JOS� HELIO DE CARVALHO OLIVEIRA;DR. H�LIO;Deputado Estadual;Apto;Deferido
RO;PSD;55055;JOS� HERMINIO COELHO;HERM�NIO COELHO;Deputado Estadual;Apto;Deferido
GO;PT;13800;JOS� HUMBERTO AIDAR;HUMBERTO AIDAR;Deputado Estadual;Apto;Deferido
PE;PTB;14111;JOSE HUMBERTO DE MOURA CAVALCANTI FILHO;JOSE HUMBERTO CAVALCANTI;Deputado Estadual;Apto;Deferido
PI;PTB;14000;JOS� ICEMAR LAVOR NERI;NERINHO;Deputado Estadual;Apto;Deferido
MA;PT;13123;JOSE INACIO SODRE RODRIGUES;Z� INACIO;Deputado Estadual;Apto;Deferido
CE;PROS;90999;JOSE JACOME CARNEIRO ALBUQUERQUE;ZEZINHO ALBUQUERQUE;Deputado Estadual;Apto;Deferido
CE;PROS;90444;JOS� JEOV� SOUTO MOTA;JEOVA MOTA;Deputado Estadual;Apto;Deferido
MT;PMDB;15200;JOSE JOAQUIM DE SOUZA FILHO;BAIANO FILHO;Deputado Estadual;Apto;Deferido
BA;DEM;25025;JOS� LUCIANO SANTOS RIBEIRO;LUCIANO RIBEIRO;Deputado Estadual;Apto;Deferido
RJ;PP;11123;JOSE LUIS ANCHITE;Z� LUIZ ANCHITE;Deputado Estadual;Apto;Deferido
RJ;PPS;23555;JOSE LUIZ NANCI;JOSE LUIZ NANCI;Deputado Estadual;Apto;Deferido
BA;PDT;12333;JOS� MARCELO DO NASCIMENTO NILO;MARCELO NILO;Deputado Estadual;Apto;Deferido
PE;PP;11111;JOSE MAURICIO VALLADAO CAVALCANTI FERREIRA;Z� MAUR�CIO;Deputado Estadual;Apto;Deferido
MA;PMDB;15800;JOSE MAX PEREIRA BARROS;MAX BARROS;Deputado Estadual;Apto;Deferido
SC;PP;11234;JOS� MILTON SCHEFFER;Z� MILTON;Deputado Estadual;Apto;Deferido
SC;PSD;55111;JOS� NEI ALBERTON ASCARI;JOS� NEI ASCARI;Deputado Estadual;Apto;Deferido
GO;PMDB;15123;JOS� NELTO LAGARES DAS MERCEZ;JOSE NELTO;Deputado Estadual;Apto;Deferido
PB;PC do B;65888;JOSE PAULO VITURINO DOS SANTOS;Z� PAULO;Deputado Estadual;Apto;Deferido
PI;PSD;55555;JOS� PESSOA LEAL;DR. PESSOA (DR. ZEZIM);Deputado Estadual;Apto;Deferido
PA;PROS;90000;JOSE RAIMUNDO DE OLIVEIRA;BELO;Deputado Estadual;Apto;Deferido com recurso
BA;PT;13222;JOS� RAIMUNDO FONTES;Z� RAIMUNDO;Deputado Estadual;Apto;Deferido
PA;PR;22222;JOS� RENATO OGAWA RODRIGUES;RENATO OGAWA;Deputado Estadual;Apto;Deferido
RO;PT;13600;JOSE RIBAMAR DE ARA�JO;DR. RIBAMAR ARA�JO;Deputado Estadual;Apto;Deferido
RR;PRP;44345;JOS� RIBAMAR DE ARA�JO BARBOSA;Z� GALETO;Deputado Estadual;Apto;Deferido
PI;PMDB;15110;JOS� RIBAMAR NOLETO DE SANTANA;Z� SANTANA;Deputado Estadual;Apto;Deferido
AM;PT;13610;JOS� RICARDO WENDLING;JOS� RICARDO;Deputado Estadual;Apto;Deferido
BA;PSD;55789;JOS� ROBERIO BATISTA DE OLIVEIRA;ROB�RIO OLIVEIRA;Deputado Estadual;Apto;Deferido
MA;PMDB;15789;JOSE ROBERTO COSTA SANTOS;ROBERTO COSTA;Deputado Estadual;Apto;Deferido
RJ;SD;77777;JOSE ROBERTO GAMA DE OLIVIERA;BEBETO TETRA;Deputado Estadual;Apto;Deferido
SP;PV;43666;JOS� ROBERTO NAZELLO DE ALVARENGA TRIPOLI;TRIPOLI;Deputado Estadual;Apto;Deferido
TO;PT;13456;JOS� ROBERTO RIBEIRO FORZANI;Z� ROBERTO;Deputado Estadual;Apto;Deferido
PE;SD;77677;JOS� ROBERTO SANTOS DE MOURA ACCIOLY;BETO ACCIOLY;Deputado Estadual;Apto;Deferido
MS;DEM;25121;JOS� ROBERTO TEIXEIRA;ZE TEIXEIRA;Deputado Estadual;Apto;Deferido
PR;PT;13013;JOS� RODRIGUES LEMOS;PROFESSOR LEMOS;Deputado Estadual;Apto;Deferido
AL;PT;13000;JOS� RONALDO MEDEIROS;RONALDO MEDEIROS;Deputado Estadual;Apto;Deferido
CE;PROS;90789;JOSE SARTO NOGUEIRA MOREIRA;DR. SARTO;Deputado Estadual;Apto;Deferido
RS;PT;13500;JOS� SIDNEY NUNES DE ALMEIDA;Z� NUNES;Deputado Estadual;Apto;Deferido
PR;PSB;40123;JOS� TIAGO CAMARGO DO AMARAL;TIAGO AMARAL;Deputado Estadual;Apto;Deferido
SE;PSC;20000;JOS� VALMIR MONTEIRO;VALMIR MONTEIRO;Deputado Estadual;Apto;Deferido
AM;PMDB;15333;JOSE WANDERLEY DALLAS REI DIAS;WANDERLEY DALLAS;Deputado Estadual;Apto;Deferido
CE;PROS;90114;JOSE WELINGTON LANDIM;WELINGTON LANDIM;Deputado Estadual;Apto;Deferido
BA;PT;13139;JOSEILDO RIBEIRO RAMOS;JOSEILDO RAMOS;Deputado Estadual;Apto;Deferido
ES;PDT;12600;JOSIAS MARIO DA VITORIA;DA VIT�RIA;Deputado Estadual;Apto;Deferido
MA;PR;22000;JOSIMAR CUNHA RODRIGUES;JOSIMAR DE MARANHAOZINHO;Deputado Estadual;Apto;Deferido
AL;DEM;25000;JOSIRLENE SOARES PEREIRA DE MELLO FEITOSA;JO PEREIRA;Deputado Estadual;Apto;Deferido
AM;PSD;55555;JOSUE CLAUDIO DE SOUZA NETO;JOSUE NETO;Deputado Estadual;Apto;Deferido
AC;PT;13690;JOZINEY ALVES AMORIM;NEY AMORIM;Deputado Estadual;Apto;Deferido
RJ;PRB;10123;JUC�LIA OLIVEIRA FREITAS;TIA JU;Deputado Estadual;Apto;Deferido
PI;PMDB;15130;JULIANA MELO FALCAO  MORAES SOUZA;JULIANA MORAES SOUZA;Deputado Estadual;Apto;Deferido
AC;PRB;10123;JULIANA RODRIGUES DE OLIVEIRA;DOUTORA JULIANA;Deputado Estadual;Apto;Deferido
RS;PC do B;65665;JULIANO ROSO;JULIANO ROSO;Deputado Estadual;Apto;Deferido
CE;PTN;19789;JULIO CESAR COSTA LIMA JUNIOR;JULIO CESAR;Deputado Estadual;Apto;Deferido
MG;PMDB;15190;J�LIO C�SAR GOMES DOS SANTOS;CABO J�LIO;Deputado Estadual;Apto;Deferido
PI;PP;11111;JULIO FERRAZ ARCOVERDE;JULIO ARCOVERDE;Deputado Estadual;Apto;Deferido
PE;PTB;14014;J�LIO FREIRE CAVALCANTI;J�LIO CAVALCANTI;Deputado Estadual;Apto;Deferido
GO;PRP;44190;JUNIO ALVES ARA�JO;MAJOR ARA�JO;Deputado Estadual;Apto;Deferido
RO;PMDB;15555;JURACY BARBOSA MOREIRA;S� NA BEN�A;Deputado Estadual;Apto;Deferido
BA;PRP;44444;JURANDY CUNHA OLIVEIRA;JURANDY OLIVEIRA;Deputado Estadual;Apto;Deferido
SP;PSDB;45157;JUSCELINO CARDOSO DE SA;CELINO;Deputado Estadual;Apto;Deferido
PB;PRB;10123;JUTAY MENESES GOMES;JUTAY MENESES;Deputado Estadual;Apto;Deferido
RN;SD;77123;KELPS DE OLIVEIRA LIMA;KELPS LIMA;Deputado Estadual;Apto;Deferido
RO;PEN;51234;LAERTE GOMES;LAERTE GOMES;Deputado Estadual;Apto;Deferido
MG;PSDB;45045;LAFAYETTE LUIZ DOORGAL DE ANDRADA;LAFAYETTE ANDRADA;Deputado Estadual;Apto;Deferido
RO;PT;13122;LAZARO APARECIDA DOBRI;LAZINHO DA FETAGRO;Deputado Estadual;Apto;Deferido
MG;PSB;40444;LEANDRO ANDRADE GENARO OLIVEIRA;LEANDRO GENARO;Deputado Estadual;Apto;Deferido
SP;PC do B;65035;LECI BRAND�O DA SILVA;LECI BRAND�O;Deputado Estadual;Apto;Deferido
GO;PSDB;45045;LEDA BORGES DE MOURA;LEDA BORGES;Deputado Estadual;Apto;Deferido
PA;PC do B;65100;L�LIO COSTA DA SILVA;L�LIO COSTA;Deputado Estadual;Apto;Deferido
RR;PPS;23456;LENIR RODRIGUES SANTOS;LENIR RODRIGUES;Deputado Estadual;Apto;Deferido
MA;PSC;20020;LEOARREN TULIO DE SOUSA CUNHA;LEO CUNHA;Deputado Estadual;Apto;Deferido
PR;PSC;20181;LEONALDO PARANHOS DA SILVA;PARANHOS;Deputado Estadual;Apto;Deferido
RO;PTB;14122;LEONARDO BARRETO DE MORAES;L�O MORAES;Deputado Estadual;Apto;Deferido
MG;PR;22333;LEONARDO MORREALE DINIZ PORTELA;L�O PORTELA;Deputado Estadual;Apto;Deferido
MT;PDT;12612;LEONARDO RIBEIRO ALBUQUERQUE;DR. LEONARDO;Deputado Estadual;Apto;Deferido
SC;PSDB;45678;LEONEL ARC�NGELO PAVAN;LEONEL PAVAN;Deputado Estadual;Apto;Deferido
MG;PMDB;15130;LEON�DIO HENRIQUE CORREA BOU�AS;LEON�DIO BOU�AS;Deputado Estadual;Apto;Deferido
BA;PMDB;15015;LEUR ANTONIO DE BRITTO LOMANTO JUNIOR;LEUR LOMANTO JR;Deputado Estadual;Apto;Deferido
MA;SD;77123;LEVI PONTES DE AGUIAR;DR. LEVI PONTES;Deputado Estadual;Apto;Deferido
MS;PEN;51777;LIDIO NOGUEIRA LOPES;LIDIO LOPES;Deputado Estadual;Apto;Deferido
GO;PSD;55555;LINCOLN GRAZIANI PEREIRA DA ROCHA;LINCOLN TEJOTA;Deputado Estadual;Apto;Deferido
PB;DEM;25111;LINDOLFO PIRES NETO;LINDOLFO PIRES;Deputado Estadual;Apto;Deferido
PR;PV;43123;LINDSLEY DA SILVA RASCA RODRIGUES;RASCA RODRIGUES;Deputado Estadual;Apto;Deferido
GO;PSD;55000;LISSAUER VIEIRA;LISSAUER VIEIRA;Deputado Estadual;Apto;Deferido
RS;PSB;40414;LIZIANE BAYER DA COSTA;LIZIANE BAYER;Deputado Estadual;Apto;Deferido
SE;DEM;25333;LOURDES GORETTI DE OLIVEIRA REIS;GORETTI REIS;Deputado Estadual;Apto;Deferido
AC;PT;13000;LOURIVAL MARQUES DE OLIVEIRA FILHO;LOURIVAL MARQUES;Deputado Estadual;Apto;Deferido
TO;PR;22022;LUANA MATILDE RIBEIRO LIMA GAYER;LUANA RIBEIRO;Deputado Estadual;Apto;Deferido
RS;PSDB;45111;LUCAS BELLO REDECKER;LUCAS REDECKER;Deputado Estadual;Apto;Deferido
PE;PSB;40110;LUCAS CAVALCANTI RAMOS;LUCAS RAMOS;Deputado Estadual;Apto;Deferido
GO;PSL;17000;LUCAS PINHEIRO BRANDAO CALIL;LUCAS CALIL;Deputado Estadual;Apto;Deferido
RJ;PSDB;45620;LUCIA HELENA PINTO DE BARROS;LUCINHA;Deputado Estadual;Apto;Deferido
RO;PP;11000;LUCIA TEREZA RODRIGUES DOS SANTOS;LUCIA TEREZA;Deputado Estadual;Apto;Deferido
AP;PHS;31123;LUCIANA ARA�JO G�ES GURGEL;LUCIANA;Deputado Estadual;Apto;Deferido
SC;PT;13601;LUCIANE MARIA CARMINATTI;LUCIANE CARMINATTI;Deputado Estadual;Apto;Deferido
SE;PSB;40123;LUCIANO AZEVEDO PIMENTEL;LUCIANO PIMENTEL;Deputado Estadual;Apto;Deferido
SE;PMDB;15015;LUCIANO BISPO DE LIMA;LUCIANO BISPO;Deputado Estadual;Apto;Deferido
PI;PSDB;45123;LUCIANO NUNES SANTOS FILHO;LUCIANO NUNES;Deputado Estadual;Apto;Deferido
BA;PMDB;15123;LUCIANO SIM�ES DE CASTRO BARBOSA FILHO;LUCIANO SIM�ES;Deputado Estadual;Apto;Deferido
CE;SD;77123;LUC�LVIO GIR�O SALES;DR. LUC�LVIO GIR�O;Deputado Estadual;Apto;Deferido
RS;PTB;14789;LU�S AUGUSTO BARCELLOS LARA;LARA;Deputado Estadual;Apto;Deferido
GO;PT;13188;LU�S C�SAR BUENO E FREITAS;LU�S C�SAR BUENO;Deputado Estadual;Apto;Deferido
PR;SD;77777;LUIS FELIPE BONATTO FRANCISCHINI;FELIPE FRANCISCHINI;Deputado Estadual;Apto;Deferido
AM;PSD;55789;LUIS RICARDO SALDANHA NICOLAU;RICARDO NICOLAU;Deputado Estadual;Apto;Deferido
PA;PP;11000;LUIZ AFONSO DE PROEN�A SEFER;SEFER;Deputado Estadual;Apto;Deferido
RO;PV;43123;LUIZ ALBERTO GOEBEL;LUIZINHO GOEBEL;Deputado Estadual;Apto;Deferido
RN;PSB;40123;LUIZ ANTONIO LOUREN�O DE FARIAS;TOMBA;Deputado Estadual;Apto;Deferido
RJ;PDT;12200;LUIZ ANTONIO MARTINS;LUIZ MARTINS;Deputado Estadual;Apto;Deferido
SE;PSD;55555;LUIZ ANT�NIO MITIDIERI;LUIZ MITIDIERI;Deputado Estadual;Apto;Deferido
SE;PSD;55123;LUIZ AUGUSTO CARVALHO RIBEIRO FILHO;GUSTINHO RIBEIRO;Deputado Estadual;Apto;Deferido
BA;PP;11000;LUIZ AUGUSTO GORDIANO DE MORAES;LUIZ AUGUSTO;Deputado Estadual;Apto;Deferido
PR;PSC;20222;LUIZ AUGUSTO SILVA;GUTO SILVA;Deputado Estadual;Apto;Deferido
PE;PSB;40040;LUIZ CABRAL DE OLIVEIRA FILHO;LULA CABRAL;Deputado Estadual;Apto;Deferido
SP;SD;77000;LUIZ CARLOS GONDIM TEIXEIRA;GONDIM;Deputado Estadual;Apto;Deferido
PR;PSD;55550;LUIZ CARLOS MARTINS GON�ALVES;LUIZ CARLOS MARTINS;Deputado Estadual;Apto;Deferido
AM;PPS;23333;LUIZ CASTRO ANDRADE NETO;LUIZ CASTRO;Deputado Estadual;Apto;Deferido
PR;PMDB;15678;LUIZ CLAUDIO ROMANELLI;ROMANELLI;Deputado Estadual;Apto;Deferido
AL;PMDB;15000;LUIZ DANTAS LIMA;LUIZ DANTAS;Deputado Estadual;Apto;Deferido
MG;PSD;55787;LUIZ F�BIO CHEREM;F�BIO CHEREM;Deputado Estadual;Apto;Deferido
MS;PDT;12345;LUIZ FELIPE RIBEIRO ORRO;FELIPE ORRO;Deputado Estadual;Apto;Deferido
SP;PSDB;45160;LUIZ FERNANDO ARANTES MACHADO;LUIZ FERNANDO MACHADO;Deputado Estadual;Apto;Deferido
RS;PT;13555;LUIZ FERNANDO MAINARDI;MAINARDI;Deputado Estadual;Apto;Deferido
SP;PT;13134;LUIZ FERNANDO TEIXEIRA FERREIRA;LUIZ FERNANDO;Deputado Estadual;Apto;Deferido
PA;PSDB;45111;LUIZ FURTADO REBELO FILHO;LUTH REBELO;Deputado Estadual;Apto;Deferido
SE;PMDB;15000;LUIZ GARIBALDE RABELO DE MENDON�A;GARIBALDE MENDON�A;Deputado Estadual;Apto;Deferido
AC;PSDB;45121;LUIZ GONZAGA ALVES FILHO;LUIZ GONZAGA;Deputado Estadual;Apto;Deferido
MG;PSDB;45999;LUIZ HUMBERTO CARNEIRO;LUIZ HUMBERTO CARNEIRO;Deputado Estadual;Apto;Deferido
RJ;PHS;31333;LUIZ MARCOS DE OLIVEIRA MUILER;MARCOS MILLER;Deputado Estadual;Apto;Deferido
SP;PT;13690;LUIZ MARTINO TURCO;LUIZ TURCO;Deputado Estadual;Apto;Deferido
RJ;PSDB;45678;LUIZ PAULO CORR�A DA ROCHA;LUIZ PAULO;Deputado Estadual;Apto;Deferido
MG;PMDB;15900;LUIZ S�VIO DE SOUZA CRUZ;S�VIO SOUZA CRUZ;Deputado Estadual;Apto;Deferido
MG;PMDB;15300;LUIZ TADEU MARTINS LEITE;TADEUZINHO;Deputado Estadual;Apto;Deferido
BA;PT;13467;LUIZA COSTA MAIA;LUIZA MAIA;Deputado Estadual;Apto;Deferido
PE;SD;77123;LUPERCIO CARLOS DO NASCIMENTO;PROFESSOR LUPERCIO;Deputado Estadual;Apto;Deferido
PI;PTB;14789;LUSIEUX FEITOSA COELHO;LIZI� COELHO;Deputado Estadual;Apto;Deferido
ES;PMDB;15500;LUZIA ALVES TOLEDO;LUZIA TOLEDO;Deputado Estadual;Apto;Deferido
PR;PMN;33014;MANOEL BATISTA DA SILVA JUNIOR;DR. BATISTA;Deputado Estadual;Apto;Deferido
RN;PHS;31000;MANOEL CUNHA NETO;SOUZA;Deputado Estadual;Apto;Deferido
CE;PROS;90124;MANOEL DUCA DA SILVEIRA NETO;DUQUINHA;Deputado Estadual;Apto;Deferido
BA;PSC;20000;MANOEL ISIDORIO DE SANTANA JUNIOR;PASTOR SARGENTO ISIDORIO;Deputado Estadual;Apto;Deferido
GO;PSDB;45111;MANOEL JOS� DE OLIVEIRA;MAN� DE OLIVEIRA;Deputado Estadual;Apto;Deferido
PE;PT;13123;MANOEL JOSE DOS SANTOS;MANOEL SANTOS;Deputado Estadual;Apto;Deferido
PB;PSD;55555;MANOEL LUDGERIO PEREIRA NETO;MANOEL LUDGERIO;Deputado Estadual;Apto;Deferido
AC;PSB;40234;MANOEL MORAES DE SALES;MANOEL MORAES;Deputado Estadual;Apto;Deferido
RS;PC do B;65656;MANUELA PINTO VIEIRA D AVILA;MANUELA D AVILA;Deputado Estadual;Apto;Deferido
MS;PT do B;70000;MARA ELISA NAVACCHI CASEIRO;MARA CASEIRO;Deputado Estadual;Apto;Deferido
BA;PT;13140;MARCELINO ANTONIO MARTINS GALO;MARCELINO GALO;Deputado Estadual;Apto;Deferido
BA;PV;43043;MARCELL CARVALHO DE MORAES;MARCELL MORAES;Deputado Estadual;Apto;Deferido
RR;PMDB;15000;MARCELO MOTA DE MACEDO;MARCELO CABRAL;Deputado Estadual;Apto;Deferido
RS;PTB;14114;MARCELO PIRES MORAES;MARCELO MORAES;Deputado Estadual;Apto;Deferido
RJ;PSOL;50123;MARCELO RIBEIRO FREIXO;MARCELO FREIXO;Deputado Estadual;Apto;Deferido
AL;PROS;90789;MARCELO VICTOR CORREIA DOS SANTOS;MARCELO VICTOR;Deputado Estadual;Apto;Deferido
SP;PT;13113;MARCIA APARECIDA OVEJANEDA LIA;MARCIA LIA;Deputado Estadual;Apto;Deferido
RJ;PR;22555;MARCIA CRISTINA ARAUJO JEOVANI;MARCIA JEOVANI;Deputado Estadual;Apto;Deferido
RN;PSB;40111;MARCIA FARIA MAIA MENDES;M�RCIA MAIA;Deputado Estadual;Apto;Deferido
PR;PDT;12000;MARCIO ADRIANO PAULIKI;MARCIO PAULIKI;Deputado Estadual;Apto;Deferido
SP;PSC;20520;MARCIO CESAR DE CAMARGO;MARCIO CAMARGO;Deputado Estadual;Apto;Deferido
RJ;PSL;17456;MARCIO CORREIA DE OLIVEIRA;MARCIO CANELLA;Deputado Estadual;Apto;Deferido
PA;DEM;25123;MARCIO DESID�RIO TEIXEIRA MIRANDA;MARCIO MIRANDA;Deputado Estadual;Apto;Deferido
MS;PT do B;70123;MARCIO FERNANDES;MARCIO FERNANDES;Deputado Estadual;Apto;Deferido
PR;PSC;20250;MARCIO FERNANDO NUNES;MARCIO NUNES;Deputado Estadual;Apto;Deferido
RJ;PSC;20010;M�RCIO HENRIQUE CRUZ PACHECO;M�RCIO PACHECO;Deputado Estadual;Apto;Deferido
MG;PTB;14789;M�RCIO JOS� MACHADO OLIVEIRA;MISSION�RIO MARCIO SANTIAGO;Deputado Estadual;Apto;Deferido
PR;PPL;54100;MARCIO JOSE PACHECO RAMOS;MARCIO PACHECO;Deputado Estadual;Apto;Deferido
GO;PSDB;45000;MARCO AUR�LIO  DE SENE PALMERSTON XAVIER;MARQUINHO DO PRIV�;Deputado Estadual;Apto;Deferido
MA;PC do B;65111;MARCO AUR�LIO DA SILVA AZEVEDO;PROFESSOR MARCO AUR�LIO;Deputado Estadual;Apto;Deferido
SP;PV;43622;MARCO AUR�LIO DOS SANTOS NEVES;MARCOS NEVES;Deputado Estadual;Apto;Deferido
BA;PSDB;45190;MARCO PRISCO CALDAS MACHADO;SOLDADO PRISCO;Deputado Estadual;Apto;Deferido
RJ;PT do B;70123;MARCOS ABRAH�O;MARCOS ABRAHAO;Deputado Estadual;Apto;Deferido
BA;PV;43888;MARCOS AGUIAR VIANA;MARQUINHOS VIANA;Deputado Estadual;Apto;Deferido
AL;PPS;23000;MARCOS ANTONIO DE OLIVEIRA BARBOSA;MARCOS BARBOSA;Deputado Estadual;Apto;Deferido
ES;PSDB;45500;MARCOS ANTONIO MANSOR;PR. MARCOS MANSUR;Deputado Estadual;Apto;Deferido
BA;PSB;40190;MARCOS ANTONIO NOVAIS;MANASSES;Deputado Estadual;Apto;Deferido
SP;PSDB;45780;MARCOS ANTONIO ZERBINI;MARCOS ZERBINI;Deputado Estadual;Apto;Deferido
ES;PRTB;28100;MARCOS BRUNO BASTOS;PROFESSOR MARCOS BRUNO;Deputado Estadual;Apto;Deferido
AL;PT;13123;MARCOS JOSE DIAS VIANA FILHO;MARQUINHOS MADEIRA;Deputado Estadual;Apto;Deferido
SP;PT;13131;MARCOS LOPES MARTINS;MARCOS MARTINS;Deputado Estadual;Apto;Deferido
SC;PSDB;45699;MARCOS LUIZ VIEIRA;MARCOS VIEIRA;Deputado Estadual;Apto;Deferido
MS;PMDB;15800;MARCOS MARCELLO TRAD;MARQUINHOS TRAD;Deputado Estadual;Apto;Deferido
CE;PROS;90456;MARCOS ROBERIO RIBEIRO MONTEIRO;ROBERIO MONTEIRO;Deputado Estadual;Apto;Deferido
SP;PR;22222;MARCOS ROBERTO DAM�SIO DA SILVA;MARCOS DAM�SIO;Deputado Estadual;Apto;Deferido
MA;PR;22223;MARCUS VINICIUS DE OLIVEIRA PEREIRA;VINICIUS LOURO;Deputado Estadual;Apto;Deferido
RJ;PTB;14123;MARCUS VIN�CIUS DE VASCONCELOS FERREIRA;MARCUS VIN�CIUS - NESKAU;Deputado Estadual;Apto;Deferido
PI;PSDB;45555;MARDEN LUIS BRITO CAVALCANTE E MENESES;MARDEN MENEZES;Deputado Estadual;Apto;Deferido
CE;SD;77777;MARIA ADERLANIA SOARES BARRETO NORONHA;ADERLANIA NORONHA;Deputado Estadual;Apto;Deferido
AC;PROS;90000;MARIA ANTONIA PINHEIRO BARBOSA;MARIA ANTONIA;Deputado Estadual;Apto;Deferido
MS;PMDB;15615;MARIA ANTONIETA AMORIM DOS SANTOS;ANTONIETA AMORIM;Deputado Estadual;Apto;Deferido
RJ;PDT;12212;MARIA APARECIDA CAMPOS STRAUS;CIDINHA CAMPOS;Deputado Estadual;Apto;Deferido
CE;PRP;44789;MARIA BETHROSE FONTENELE ARA�JO;BETHROSE;Deputado Estadual;Apto;Deferido
AP;PSB;40789;MARIA CRISTINA DO ROSARIO ALMEIDA MENDES;CRISTINA ALMEIDA;Deputado Estadual;Apto;Deferido
MA;PSL;17000;MARIA DA GRA�A FONSECA PAZ;GRA�A PAZ;Deputado Estadual;Apto;Deferido
BA;PT;13567;MARIA DE FATIMA NUNES DOS ANJOS;FATIMA NUNES;Deputado Estadual;Apto;Deferido
AP;PDT;12111;MARIA DE LOURDES RODRIGUES DA SILVA;MARIA G�ES;Deputado Estadual;Apto;Deferido
BA;PT;13131;MARIA DEL CARMEN FIDALGO SANCHEZ PUGA;MARIA DEL CARMEN;Deputado Estadual;Apto;Deferido
PE;PSL;17111;MARIA DO SOCORRO HOLANDA MUNIZ FALC�O DO ESP�RITO SANTO;SOCORRO PIMENTEL;Deputado Estadual;Apto;Deferido
ES;PTC;36036;MARIA ELIANA DADALTO MELO;ELIANA DADALTO;Deputado Estadual;Apto;Deferido
GO;PC do B;65123;MARIA ISAURA LEMOS;ISAURA LEMOS;Deputado Estadual;Apto;Deferido
SP;PSDB;45114;MARIA LUCIA CARDOSO PINTO AMARY;MARIA L�CIA AMARY;Deputado Estadual;Apto;Deferido
PE;PT;13613;MARIA TERESA LEIT�O DE MELO;TERESA LEIT�O;Deputado Estadual;Apto;Deferido
PR;PP;11511;MARIA VICTORIA BORGHETTI BARROS;MARIA VICTORIA;Deputado Estadual;Apto;Deferido
SE;PP;11222;MARIA VIEIRA DE MENDON�A;MARIA MENDON�A;Deputado Estadual;Apto;Deferido
PR;PSDB;45123;MARILEI DE SOUZA LIMA;CANTORA MARA LIMA;Deputado Estadual;Apto;Deferido
MG;PT;13900;MARILIA APARECIDA CAMPOS;MAR�LIA CAMPOS;Deputado Estadual;Apto;Deferido
AP;PDT;12123;MARILIA BRITO XAVIER G�ES;MARILIA G�ES;Deputado Estadual;Apto;Deferido
MG;PC do B;65000;MARIO HENRIQUE DA SILVA;MARIO HENRIQUE CAIXA;Deputado Estadual;Apto;Deferido
RS;PSD;55016;MARIO JARDEL ALMEIDA RIBEIRO;JARDEL CENTROAVANTE;Deputado Estadual;Apto;Deferido
SC;PR;22580;M�RIO MARCONDES NASCIMENTO;M�RIO MARCONDES;Deputado Estadual;Apto;Deferido
RS;PDT;12512;MARLON ARATOR SANTOS DA ROSA;MARLON SANTOS;Deputado Estadual;Apto;Deferido
GO;PTB;14133;MARLUCIO PEREIRA DA SILVA;MARLUCIO PEREIRA;Deputado Estadual;Apto;Deferido
SP;PSD;55400;MARTA MARIA FREIRE DA COSTA;MARTA COSTA;Deputado Estadual;Apto;Deferido
RJ;PSD;55040;MARTHA MESQUITA DA ROCHA;DELEGADA MARTHA ROCHA;Deputado Estadual;Apto;Deferido
PA;PMDB;15456;MARTINHO ARNALDO CAMPOS CARMONA;MARTINHO CARMONA;Deputado Estadual;Apto;Deferido
RR;PMDB;15777;MASAMY EDA;MASAMY EDA;Deputado Estadual;Apto;Deferido
RS;PTB;14777;MAURICIO ALEXANDRE DZIEDRICKI;MAURICIO DZIEDRICKI;Deputado Estadual;Apto;Deferido
SC;PSD;55555;MAUR�CIO JOS� ESKUDLARK;MAURICIO ESKUDLARK;Deputado Estadual;Apto;Deferido
MS;PMDB;15715;MAURICIO PICARELLI;MAURICIO PICARELLI;Deputado Estadual;Apto;Deferido
PR;PMDB;15151;MAURICIO THADEU DE MELLO E SILVA;REQUIAO FILHO;Deputado Estadual;Apto;Deferido
SP;PSDB;45125;MAURO BRAGATO;MAURO BRAGATO;Deputado Estadual;Apto;Deferido
TO;PTB;14143;MAURO CARLESSE;MAURO CARLESSE;Deputado Estadual;Apto;Deferido
RO;PP;11234;MAURO DE CARVALHO;MAUR�O DE CARVALHO;Deputado Estadual;Apto;Deferido
SC;PMDB;15220;MAURO DE NADAL;DE NADAL;Deputado Estadual;Apto;Deferido
MT;PR;22040;MAURO LUIZ SAVI;MAURO SAVI;Deputado Estadual;Apto;Deferido
PR;PSDB;45655;MAURO RAFAEL MORAES E SILVA;MAURO MORAES;Deputado Estadual;Apto;Deferido
MT;PSB;40000;MAX JOEL RUSSI;MAX RUSSI;Deputado Estadual;Apto;Deferido
AP;PSB;40222;MAX NEY MACHADO ANDRADE;MAX DA AABB;Deputado Estadual;Apto;Deferido
AP;PSDB;45123;MICHEL HOUAT HARB;MICHEL JK;Deputado Estadual;Apto;Deferido
RS;PPL;54999;MIGUEL CONSTANTINO ROSSO BIANCHINI;MIGUEL BIANCHINI;Deputado Estadual;Apto;Deferido
PE;PSB;40401;MIGUEL DE SOUZA LE�O COELHO;MIGUEL COELHO;Deputado Estadual;Apto;Deferido
PA;PSDB;45155;MILTON CAMPBELL CAMPOS;MILTON CAMPOS;Deputado Estadual;Apto;Deferido
SC;PSD;55858;MILTON HOBUS;MILTON HOBUS;Deputado Estadual;Apto;Deferido
SP;DEM;25250;MILTON LEITE DA SILVA FILHO;MILTON LEITE FILHO;Deputado Estadual;Apto;Deferido
SP;PSD;55255;MILTON VIEIRA PINTO;MILTON VIEIRA;Deputado Estadual;Apto;Deferido
RS;PT;13631;MIRIAM PAZ GARCEZ MARRONI;MIRIAM MARRONI;Deputado Estadual;Apto;Deferido
CE;PROS;90333;MIRIAN DE ALMEIDA RODRIGUES SOBREIRA;MIRIAN SOBREIRA;Deputado Estadual;Apto;Deferido
SC;PMDB;15180;MOACIR SOPELSA;MOACIR SOPELSA;Deputado Estadual;Apto;Deferido
CE;PT;13333;MOISES BRAZ RICARDO;MOISES BRAZ;Deputado Estadual;Apto;Deferido
AP;PSC;20123;MOISES REATEGUI DE SOUZA;MOISES SOUZA;Deputado Estadual;Apto;Deferido
PB;PMDB;15221;NABOR WANDERLEY DA NOBREGA FILHO;NABOR;Deputado Estadual;Apto;Deferido
MG;PSD;55789;NACIB DUARTE BECHIR;DUARTE;Deputado Estadual;Apto;Deferido
SC;DEM;25104;NARCIZO LUIZ PARISOTTO;PARISOTTO;Deputado Estadual;Apto;Deferido
SC;PR;22225;NATALINO LAZARE;NATALINO LAZARE;Deputado Estadual;Apto;Deferido
CE;PSL;17000;NAUMI GOMES DE AMORIM;NAUMI AMORIM;Deputado Estadual;Apto;Deferido
GO;PSDB;45321;N�DIO LEITE DE ASSUN��O;N�DIO LEITE;Deputado Estadual;Apto;Deferido
RO;PT do B;70111;NEIDSON DE BARROS SOARES;DR. NEIDSON;Deputado Estadual;Apto;Deferido
PA;PSD;55000;NEIL DUARTE DE SOUZA;CORONEL NEIL;Deputado Estadual;Apto;Deferido
MG;PP;11789;NEILANDO ALVES PIMENTA;NEILANDO PIMENTA;Deputado Estadual;Apto;Deferido
PR;PDT;12680;NELSON LAURO LUERSEN;NELSON LUERSEN;Deputado Estadual;Apto;Deferido
RS;PT;13630;NELSON LUIZ DA SILVA;NELSINHO METAL�RGICO;Deputado Estadual;Apto;Deferido
PR;DEM;25111;NELSON ROBERTO PLACIDO SILVA JUSTUS;NELSON JUSTUS;Deputado Estadual;Apto;Deferido
AC;PV;43333;NELSON RODRIGUES SALES;NELSON SALES;Deputado Estadual;Apto;Deferido
BA;PSL;17777;NELSON SOUZA LEAL;NELSON LEAL;Deputado Estadual;Apto;Deferido
RN;PMDB;15222;NELTER LULA DE QUEIROZ SANTOS;NELTER QUEIROZ;Deputado Estadual;Apto;Deferido
SC;PT;13120;NEODI SARETTA;NEODI SARETTA;Deputado Estadual;Apto;Deferido
PR;PMDB;15178;NEREU ALVES DE MOURA;NEREU MOURA;Deputado Estadual;Apto;Deferido
BA;PT;13690;NEUSA CADORE;NEUSA CADORE;Deputado Estadual;Apto;Deferido
PR;PSD;55669;NEY LEPREVOST NETO;NEY LEPREVOST;Deputado Estadual;Apto;Deferido
AC;PP;11122;NICOLAU CANDIDO DA SILVA JUNIOR;NICOLAU JUNIOR;Deputado Estadual;Apto;Deferido
TO;PMDB;15123;NILTON BANDEIRA FRANCO;NILTON FRANCO;Deputado Estadual;Apto;Deferido
PE;PSB;40678;NILTON DA MOTA SILVEIRA FILHO;NILTON MOTA;Deputado Estadual;Apto;Deferido
MA;PMDB;15222;NINA CERES COUTO DE MELO AROSO;NINA MELO;Deputado Estadual;Apto;Deferido
RJ;PR;22222;NIVALDO MULIM DA COSTA;NIVALDO MULIM;Deputado Estadual;Apto;Deferido
MG;PSC;20123;NORALDINO LUCIO DIAS JUNIOR;NORALDINO JUNIOR;Deputado Estadual;Apto;Deferido
SP;PMDB;15150;OCIMAR DONIZETI L�O OLIVEIRA;L�O OLIVEIRA;Deputado Estadual;Apto;Deferido
PE;PT;13444;ODACY AMORIM DE SOUZA;ODACY AMORIM;Deputado Estadual;Apto;Deferido
CE;PROS;90123;ODILON SILVEIRA AGUIAR;ODILON AGUIAR;Deputado Estadual;Apto;Deferido
AL;PMDB;15456;OLAVO CALHEIROS FILHO;OLAVO CALHEIROS;Deputado Estadual;Apto;Deferido
RR;PDT;12222;OLENO INACIO DE MATOS;OLENO MATOS;Deputado Estadual;Apto;Deferido
PA;PSC;20123;OLIVAL HENRIQUE MARQUES DE SOUZA;OLIVAL MARQUES;Deputado Estadual;Apto;Deferido
TO;PSDB;45045;OLYNTHO GARCIA DE OLIVEIRA NETO;OLYNTHO NETO;Deputado Estadual;Apto;Deferido
MT;PR;22345;ONDANIR BORTOLINI;NININHO;Deputado Estadual;Apto;Deferido
MS;PSDB;45123;ONEVAN JOS� DE MATOS;ONEVAN DE MATOS;Deputado Estadual;Apto;Deferido
AM;PTN;19799;ORLANDO GUALBERTO CIDADE FILHO;ORLANDO CIDADE;Deputado Estadual;Apto;Deferido
SP;PSB;40023;ORLANDO JOS� BOL�ONE;BOL�ONE;Deputado Estadual;Apto;Deferido
SP;PSDB;45680;ORLANDO MORANDO JUNIOR;ORLANDO MORANDO;Deputado Estadual;Apto;Deferido
MT;PSB;40300;OSCAR MARTINS BEZERRA;OSCAR BEZERRA;Deputado Estadual;Apto;Deferido
TO;DEM;25100;OSIRES RODRIGUES DAMASO;OSIRES DAMASO;Deputado Estadual;Apto;Deferido
PE;PRB;10123;OSSESIO JOSE DA SILVA;BISPO OSSESIO SILVA;Deputado Estadual;Apto;Deferido
MS;PMDB;15555;OSWALDO MOCHI JUNIOR;JUNIOR MOCHI;Deputado Estadual;Apto;Deferido
MA;PC do B;65065;OTHELINO NOVA ALVES NETO;OTHELINO NETO;Deputado Estadual;Apto;Deferido
PA;PMDB;15177;OZORIO ADOLFO JUVENIL GOES NUNES DE SOUSA;OZORIO JUVENIL;Deputado Estadual;Apto;Deferido
PI;PMDB;15199;PABLO DANTAS DE MOURA SANTOS;DR. PABLO SANTOS;Deputado Estadual;Apto;Deferido
BA;DEM;25678;PABLO RODRIGO BARROZO DOS ANJOS VALE;PABLO BARROZO;Deputado Estadual;Apto;Deferido
SC;PSB;40123;PATR�CIO CARLOS DESTRO;PATR�CIO DESTRO;Deputado Estadual;Apto;Deferido
SP;PSDB;45190;PAULO ADRIANO LOPES LUCINDA TELHADA;CORONEL TELHADA;Deputado Estadual;Apto;Deferido
SP;PEN;51699;PAULO ALVES CORREA JUNIOR;PAULO CORREA JR;Deputado Estadual;Apto;Deferido
AP;PSOL;50123;PAULO CESAR LEMOS DE OLIVEIRA;PROFESSOR PAULO LEMOS;Deputado Estadual;Apto;Deferido
RJ;PMDB;15288;PAULO C�SAR MELO DE S�;PAULO MELO;Deputado Estadual;Apto;Deferido
GO;PMDB;15601;PAULO CEZAR MARTINS;PAULO CEZAR MARTINS;Deputado Estadual;Apto;Deferido
BA;PT;13113;PAULO FERNANDO RANGEL DE LIMA;PAULO RANGEL;Deputado Estadual;Apto;Deferido
BA;PDT;12580;PAULO FRANCISCO DE CARVALHO C�MERA;PAULO C�MERA;Deputado Estadual;Apto;Deferido
SE;PT do B;70555;PAULO HAGENBECK FILHO;PAULINHO DA VARZINHAS FILHO;Deputado Estadual;Apto;Deferido
PR;PSDB;45160;PAULO HENRIQUE COLETTI FERNANDES;PAULO LITRO;Deputado Estadual;Apto;Deferido
MS;PR;22222;PAULO JOS� ARAUJO CORREA;PAULO CORR�A;Deputado Estadual;Apto;Deferido
MG;PT;13789;PAULO JOSE CARLOS GUEDES;PAULO GUEDES;Deputado Estadual;Apto;Deferido
MA;PSDC;27111;PAULO ROBERTO ALMEIDA NETO;PAULO NETO;Deputado Estadual;Apto;Deferido
MG;PT;13444;PAULO ROBERTO LAMAC JUNIOR;PAULO LAMAC;Deputado Estadual;Apto;Deferido
PB;PTB;14369;PAULO ROGERIO DE SOUZA REGO;DODA DE TI�O;Deputado Estadual;Apto;Deferido
TO;PT;13413;PAULO SARDINHA MOUR�O;PAULO MOUR�O;Deputado Estadual;Apto;Deferido
RJ;PSOL;50345;PAULO S�RGIO RAMOS BARBOZA;PAULO RAMOS;Deputado Estadual;Apto;Deferido
RJ;PMDB;15505;PEDRO AUGUSTO PALARETI;PEDRO AUGUSTO;Deputado Estadual;Apto;Deferido
SC;PT;13987;PEDRO BALDISSERA;PADRE PEDRO;Deputado Estadual;Apto;Deferido
RS;PP;11233;PEDRO BANDARRA WESTPHALEN;PEDRO WESTPHALEN;Deputado Estadual;Apto;Deferido
MS;PT;13613;PEDRO CESAR KEMP GON�ALVES;PEDRO KEMP;Deputado Estadual;Apto;Deferido
PR;DEM;25055;PEDRO DEBONI LUPION MELLO;PEDRO LUPION;Deputado Estadual;Apto;Deferido
AP;PSC;20800;PEDRO DOS SANTOS MARTINS;PEDRO DA LUA;Deputado Estadual;Apto;Deferido com recurso
RJ;SD;77123;PEDRO HENRIQUE FERNANDES DA SILVA;PEDRO FERNANDES;Deputado Estadual;Apto;Deferido
MT;PSD;55163;PEDRO INACIO WIEGERT;PEDRO SATELITE;Deputado Estadual;Apto;Deferido
RS;PSOL;50000;PEDRO LUIZ FAGUNDES RUAS;PEDRO RUAS;Deputado Estadual;Apto;Deferido
RS;PSDB;45600;PEDRO OZORIO PEREIRA;PEDRO PEREIRA;Deputado Estadual;Apto;Deferido
BA;PMDB;15678;PEDRO PAULO TAVARES BATISTA DE MELLO E SILVA;PEDRO TAVARES;Deputado Estadual;Apto;Deferido
PE;PDT;12000;PEDRO SERAFIM DE SOUZA NETO;PEDRO SERAFIM NETO;Deputado Estadual;Apto;Deferido
SP;PSDB;45100;PEDRO TOBIAS;PEDRO TOBIAS;Deputado Estadual;Apto;Deferido
PR;PT;13115;P�RICLES DE HOLLEBEN MELLO;P�RICLES DE HOLLEBEN MELLO;Deputado Estadual;Apto;Deferido
AM;PV;43190;PLATINY SOARES LOPES;PLATINY SOARES;Deputado Estadual;Apto;Deferido
PR;DEM;25110;PLAUTO MIR� GUIMAR�ES FILHO;PLAUTO;Deputado Estadual;Apto;Deferido
RJ;PPS;23601;PLINIO COMTE LEITE BITTENCOURT;COMTE;Deputado Estadual;Apto;Deferido
PE;DEM;25222;PRISCILA KRAUSE BRANCO;PRISCILA KRAUSE;Deputado Estadual;Apto;Deferido
SP;PDT;12345;RAFAEL ANTONIO DA SILVA;RAFAEL SILVA;Deputado Estadual;Apto;Deferido
RJ;PMDB;15159;RAFAEL CARNEIRO MONTEIRO PICCIANI;RAFAEL PICCIANI;Deputado Estadual;Apto;Deferido
ES;PEN;51555;RAFAEL FAVATTO GARCIA;DR. RAFAEL FAVATTO;Deputado Estadual;Apto;Deferido
AP;PSDB;45678;RAIMUNDA MACEDO BARROSO;RAIMUNDA BEIR�O;Deputado Estadual;Apto;Deferido
AP;PSDC;27147;RAIMUNDO CHARLES DA SILVA MARQUES;CHARLES MARQUES;Deputado Estadual;Apto;Deferido
AC;PTN;19100;RAIMUNDO CORREIA DA COSTA;RAIMUNDINHO DA SA�DE;Deputado Estadual;Apto;Deferido
PA;PEN;51234;RAIMUNDO JOS� PEREIRA DOS SANTOS;RAIMUNDO SANTOS;Deputado Estadual;Apto;Deferido
MG;PDT;12000;RAIMUNDO NONATO DE BARCELOS;NOZINHO;Deputado Estadual;Apto;Deferido
CE;PDT;12999;RAIMUNDO NONATO FERREIRA ARAG�O;FERREIRA ARAG�O;Deputado Estadual;Apto;Deferido
RN;PROS;90000;RAIMUNDO NONATO PESSOA FERNANDES;RAIMUNDO FERNANDES;Deputado Estadual;Apto;Deferido
BA;PC do B;65888;RAIMUNDO NONATO TAVARES DA SILVA;RAIMUNDO TAVARES BOB�;Deputado Estadual;Apto;Deferido
MA;PC do B;65678;RAIMUNDO SOARES CUTRIM;RAIMUNDO CUTRIM;Deputado Estadual;Apto;Deferido
ES;SD;77333;RAQUEL FERREIRA MAGESTE LESSA;RAQUEL LESSA;Deputado Estadual;Apto;Deferido
PE;PSB;40789;RAQUEL TEIXEIRA LYRA;RAQUEL LYRA;Deputado Estadual;Apto;Deferido
SP;PSOL;50550;RAUL MARCELO DE SOUZA;RAUL MARCELO;Deputado Estadual;Apto;Deferido
RS;PDT;12580;REGINA MARIA BECKER;REGINA BECKER FORTUNATI;Deputado Estadual;Apto;Deferido
SP;PV;43363;REINALDO DE SOUZA ALGUZ;REINALDO ALGUZ;Deputado Estadual;Apto;Deferido
BA;PR;22222;REINALDO TEIXEIRA BRAGA;REINALDO BRAGA;Deputado Estadual;Apto;Deferido
RJ;PC do B;65656;REJANE DE ALMEIDA;ENFERMEIRA REJANE;Deputado Estadual;Apto;Deferido
PB;PSC;20120;RENATO BENEVIDES GADELHA;DR. RENATO GADELHA;Deputado Estadual;Apto;Deferido
RJ;PR;22888;RENATO COZZOLINO HARB;RENATO COZZOLINO;Deputado Estadual;Apto;Deferido
GO;PT;13215;RENATO MENEZES DE CASTRO;RENATO DE CASTRO;Deputado Estadual;Apto;Deferido
MS;PMDB;15150;RENATO PIERETTI C�MARA;RENATO C�MARA;Deputado Estadual;Apto;Deferido
CE;PSOL;50500;RENATO ROSENO DE OLIVEIRA;RENATO ROSENO;Deputado Estadual;Apto;Deferido
PR;PSC;20777;RICARDO ARRUDA NUNES;MISSION�RIO RICARDO ARRUDA;Deputado Estadual;Apto;Deferido
TO;PSB;40000;RICARDO AYRES DE CARVALHO;RICARDO AYRES;Deputado Estadual;Apto;Deferido
PB;PSB;40222;RICARDO BARBOSA;RICARDO BARBOSA;Deputado Estadual;Apto;Deferido
PE;PMDB;15999;RICARDO JOS� DE OLIVEIRA COSTA;RICARDO COSTA;Deputado Estadual;Apto;Deferido
RN;PROS;90333;RICARDO JOSE MEIRELLES DA MOTTA;RICARDO MOTTA;Deputado Estadual;Apto;Deferido
PB;PEN;51456;RICARDO LUIS BARBOSA DE LIMA;RICARDO MARCELO;Deputado Estadual;Apto;Deferido
AL;PMDB;15111;RICARDO PEREIRA MELO;RICARDO NEZINHO;Deputado Estadual;Apto;Deferido
MG;PC do B;65444;RICARDO ROCHA DE FARIA;RICARDO FARIA;Deputado Estadual;Apto;Deferido
SP;PR;22123;RICARDO ROSSI MADALENA;RICARDO MADALENA;Deputado Estadual;Apto;Deferido
MA;PEN;51222;RICARDO TADEU RIBEIRO PEARCE;RICARDO RIOS;Deputado Estadual;Apto;Deferido
SC;PPS;23456;RICARDO ZANATTA GUIDI;RICARDO GUIDI;Deputado Estadual;Apto;Deferido
MA;PV;43200;RIGO ALBERTO TELIS DE SOUSA;RIGO TELES;Deputado Estadual;Apto;Deferido
MS;PSDB;45045;RINALDO MODESTO DE OLIVEIRA;PROFESSOR RINALDO;Deputado Estadual;Apto;Deferido
SP;PSD;55555;RITA DE CASSIA TRINCA PASSOS;RITA PASSOS;Deputado Estadual;Apto;Deferido
PI;PDT;12345;ROBERT RIOS MAGALHAES;ROBERT RIOS;Deputado Estadual;Apto;Deferido
MA;PP;11190;ROBERTO CAMPOS FILHO;CABO CAMPOS;Deputado Estadual;Apto;Deferido
BA;PDT;12345;ROBERTO CARLOS ALMEIDA LEAL;ROBERTO CARLOS;Deputado Estadual;Apto;Deferido
SP;PSDB;45156;ROBERTO CARVALHO ENGLER PINTO;ROBERTO ENGLER;Deputado Estadual;Apto;Deferido
MG;PTN;19222;ROBERTO DIAS DE ANDRADE;ROBERTO ANDRADE;Deputado Estadual;Apto;Deferido
SP;PSDB;45477;ROBERTO MASSAFERA;ROBERTO MASSAFERA;Deputado Estadual;Apto;Deferido
CE;PV;43789;ROBERTO MESQUITA DA SILVEIRA JUNIOR;ROBERTO MESQUITA;Deputado Estadual;Apto;Deferido
PB;PMDB;15151;ROBERTO RANIERY DE AQUINO PAULINO;RANIERY PAULINO;Deputado Estadual;Apto;Deferido
SP;PPS;23623;ROBERTO TURCHI DE MORAIS;ROBERTO MORAIS;Deputado Estadual;Apto;Deferido
SE;PMDB;15456;ROBSON COSTA VIANA;ROBSON VIANA;Deputado Estadual;Apto;Deferido
SP;PSC;20633;RODRIGO AUGUSTO MORAES;RODRIGO MORAES;Deputado Estadual;Apto;Deferido
PE;PSD;55555;RODRIGO CAVALCANTI NOVAES;RODRIGO NOVAES;Deputado Estadual;Apto;Deferido
ES;PT;13123;RODRIGO COELHO DO CARMO;RODRIGO COELHO;Deputado Estadual;Apto;Deferido
SC;PDT;12345;RODRIGO MINOTTO;RODRIGO MINOTTO;Deputado Estadual;Apto;Deferido
AL;PSDB;45888;RODRIGO SANTOS CUNHA;RODRIGO CUNHA;Deputado Estadual;Apto;Deferido
PE;PR;22123;ROGERIO ARA�JO LE�O;ROGERIO LE�O;Deputado Estadual;Apto;Deferido
MG;PT;13123;ROG�RIO CORREIA DE MOURA BAPTISTA;ROGERIO CORREIA;Deputado Estadual;Apto;Deferido
RJ;PR;22606;ROGERIO MARTINS LISBOA;ROGERIO LISBOA;Deputado Estadual;Apto;Deferido
SP;DEM;25123;ROG�RIO NOGUEIRA LOPES CRUZ;ROG�RIO NOGUEIRA;Deputado Estadual;Apto;Deferido
MA;PSC;20000;ROGERIO RODRIGUES LIMA;ROG�RIO CAFETEIRA;Deputado Estadual;Apto;Deferido
PE;PTB;14444;ROMARIO DE CASTRO DIAS PEREIRA;ROM�RIO;Deputado Estadual;Apto;Deferido
SC;PMDB;15270;ROMILDO LUIZ TITON;TITON;Deputado Estadual;Apto;Deferido
MT;PMDB;15151;ROMOALDO ALOIZIO BORACZYNSKI JUNIOR;ROMOALDO JUNIOR;Deputado Estadual;Apto;Deferido
RS;PTB;14470;RONALDO SANTINI;RONALDO SANTINI;Deputado Estadual;Apto;Deferido
SP;PTB;14160;ROQUE BARBIERE;ROQUE BARBIERE - ROQUINHO;Deputado Estadual;Apto;Deferido
MG;PROS;90151;ROSANGELA DE OLIVEIRA CAMPOS REIS;ROSANGELA REIS;Deputado Estadual;Apto;Deferido
RJ;PT;13103;ROSANGELA DE OLIVEIRA ZEIDAN;ZEIDAN;Deputado Estadual;Apto;Deferido
RO;PMDB;15321;ROSANGELA HENRIQUE PEREIRA DONADON;ROSANGELA DONADON;Deputado Estadual;Apto;Deferido
AP;DEM;25456;ROSELI DE ARA�JO CORR�A DE LIMA;ROSELI;Deputado Estadual;Apto;Deferido
BA;PT;13444;ROSEMBERG EVANGELISTA PINTO;ROSEMBERG PINTO;Deputado Estadual;Apto;Deferido
RJ;PMDB;15016;ROSENVERG REIS DE OLIVEIRA;ROSENVERG REIS;Deputado Estadual;Apto;Deferido
RR;PSB;40789;ROSINALDO ADOLFO BEZERRA DA SILVA;NALDO DA LOTERIA;Deputado Estadual;Apto;Deferido
PI;PSB;40123;RUBEM NUNES MARTINS;RUBEM MARTINS;Deputado Estadual;Apto;Deferido
PB;PSB;40789;RUBENS GERMANO COSTA;BUBA GERMANO;Deputado Estadual;Apto;Deferido
RN;PSD;55111;RUDSON RAIMUNDO HONORIO LISBOA;DISON LISBOA;Deputado Estadual;Apto;Deferido
RJ;PT;13777;SADINOEL OLIVEIRA GOMES SOUZA;DR. SADINOEL;Deputado Estadual;Apto;Deferido
SE;PSL;17123;SAMUEL ALVES BARRETO;CAPIT�O SAMUEL;Deputado Estadual;Apto;Deferido
RJ;PSD;55777;SAMUEL LIMA MALAFAIA;SAMUEL MALAFAIA;Deputado Estadual;Apto;Deferido
BA;DEM;25555;SANDRO DE OLIVEIRA REGIS;SANDRO REGIS;Deputado Estadual;Apto;Deferido
ES;PPS;23123;SANDRO HELENO GOMES DE SOUZA;SANDRO LOCUTOR;Deputado Estadual;Apto;Deferido
MT;PSDB;45222;SATURNINO MASSON;SATURNINO MASSON;Deputado Estadual;Apto;Deferido
RO;PDT;12345;SAULO MOREIRA DA SILVA;SAULO MOREIRA;Deputado Estadual;Apto;Deferido
AM;PR;22123;SEBASTI�O DA SILVA REIS;SABA REIS;Deputado Estadual;Apto;Deferido
SP;PRB;10321;SEBASTI�O DOS SANTOS FILHO;SEBASTI�O SANTOS;Deputado Estadual;Apto;Deferido
PR;PTB;14789;SEBASTI�O HENRIQUE DE MEDEIROS;TI�O MEDEIROS;Deputado Estadual;Apto;Deferido
MT;PR;22022;SEBASTI�O MACHADO REZENDE;ENG SEBASTI�O MACHADO REZENDE;Deputado Estadual;Apto;Deferido
PA;PTB;14000;SEBASTI�O MIRANDA FILHO;TI�O MIRANDA;Deputado Estadual;Apto;Deferido
PB;PSL;17123;SEBASTIAO TIAO GOMES PEREIRA;TIAO GOMES;Deputado Estadual;Apto;Deferido
AM;PSB;40111;SERAFIM FERNANDES CORREA;SERAFIM CORREA;Deputado Estadual;Apto;Deferido
MA;PSDB;45456;S�RGIO BARBOSA FROTA;S�RGIO FROTA;Deputado Estadual;Apto;Deferido
RS;PP;11333;SERGIO BERGONSI TURRA;SERGIO TURRA;Deputado Estadual;Apto;Deferido
CE;PROS;90888;SERGIO DE ARAUJO LIMA AGUIAR;SERGIO AGUIAR;Deputado Estadual;Apto;Deferido
GO;PROS;90111;SERGIO DE SOUZA BRAVO;SERGIO BRAVO;Deputado Estadual;Apto;Deferido
ES;PSDB;45456;SERGIO MAJESKI;PROF. SERGIO MAJESKI;Deputado Estadual;Apto;Deferido
RS;PRB;10300;SERGIO PERES AL�S;SERGIO PERES;Deputado Estadual;Apto;Deferido
AL;PDT;12777;SERGIO TOLEDO DE ALBUQUERQUE;SERGIO TOLEDO;Deputado Estadual;Apto;Deferido
AL;PPS;23111;SEVERINO DE LIRA PESS�A;SEVERINO PESS�A;Deputado Estadual;Apto;Deferido
PI;PMDB;15101;SEVERO MARIA EULALIO NETO;SEVERO EUL�LIO;Deputado Estadual;Apto;Deferido
PA;PSB;40456;SHYDNEY JORGE ROSA;SIDNEY ROSA;Deputado Estadual;Apto;Deferido
BA;PRB;10123;SIDELVAN DE ALMEIDA N�BREGA;SIDELVAN N�BREGA;Deputado Estadual;Apto;Deferido
AM;PROS;90123;SIDNEY RICARDO DE OLIVEIRA LEITE;SIDNEY LEITE;Deputado Estadual;Apto;Deferido
RS;PP;11111;SILVANA MARIA FRANCISCATO COVATTI;SILVANA COVATTI;Deputado Estadual;Apto;Deferido
CE;PMDB;15777;SILVANA OLIVEIRA DE SOUSA;DRA. SILVANA;Deputado Estadual;Apto;Deferido
MT;PMDB;15123;SILVANO FERREIRA DO AMARAL;SILVANO AMARAL;Deputado Estadual;Apto;Deferido
SE;PDT;12345;SILVIA TEREZA FONTES CALDAS;SILVIA FONTES;Deputado Estadual;Apto;Deferido
SC;PP;11311;S�LVIO DREVECK;S�LVIO DREVECK;Deputado Estadual;Apto;Deferido
PE;PTB;14614;SILVIO SERAFIM COSTA FILHO;SILVIO COSTA FILHO;Deputado Estadual;Apto;Deferido
GO;PSC;20012;SIMEYZON SINELIZ FERNANDES DA SILVEIRA;SIMEYZON SILVEIRA;Deputado Estadual;Apto;Deferido
PE;PSB;40456;SIMONE ALICE DE OLIVEIRA SANTANA;SIMONE SANTANA;Deputado Estadual;Apto;Deferido
AM;PT;13633;SIN�SIO DA SILVA CAMPOS;PROFESSOR SIN�SIO;Deputado Estadual;Apto;Deferido
RS;PT;13113;STELA BEATRIZ FARIAS LOPES;STELA;Deputado Estadual;Apto;Deferido
MA;PRTB;28028;STENIO DOS SANTOS REZENDE;STENIO REZENDE;Deputado Estadual;Apto;Deferido
GO;PTB;14123;TALLES ALVES BARRETO;TALLES BARRETO;Deputado Estadual;Apto;Deferido
RS;PT;13003;TARCISIO JO�O ZIMMERMANN;TARCISIO ZIMMERMANN;Deputado Estadual;Apto;Deferido
AL;PSD;55123;TARCIZO SAMPAIO FREIRE;TARCIZO FREIRE;Deputado Estadual;Apto;Deferido
BA;DEM;25456;TARGINO MACHADO PEDREIRA FILHO;TARGINO MACHADO;Deputado Estadual;Apto;Deferido
SP;PT;13110;TEONILIO MONTEIRO DA COSTA;BARBA;Deputado Estadual;Apto;Deferido
PR;PPS;23043;TERCILIO LUIZ TURINI;TERCILIO TURINI;Deputado Estadual;Apto;Deferido
PA;PROS;90901;TERCIO JUNIOR SOUSA NOGUEIRA;SOLDADO TERCIO;Deputado Estadual;Apto;Deferido
AL;PSC;20000;THAISE DE SOUZA GUEDES;THAISE GUEDES;Deputado Estadual;Apto;Deferido
PI;PMDB;15111;THEM�STOCLES SAMPAIO PEREIRA FILHO;THEM�STOCLES FILHO;Deputado Estadual;Apto;Deferido
ES;DEM;25100;THEODORICO DE ASSIS FERRA�O;FERRA�O;Deputado Estadual;Apto;Deferido
PA;PPS;23333;THIAGO ARAUJO;THIAGO ARAUJO;Deputado Estadual;Apto;Deferido
MG;PPS;23456;THIAGO FELLIPE MOTTA COTA;THIAGO COTA;Deputado Estadual;Apto;Deferido
RJ;PTC;36500;THIAGO PAMPOLHA GON�ALVES;THIAGO PAMPOLHA;Deputado Estadual;Apto;Deferido
RS;PMDB;15777;TIAGO CHANAN SIMON;TIAGO SIMON;Deputado Estadual;Apto;Deferido
MG;PV;43111;TIAGO ULISSES DE CASTRO E OLIVEIRA;TIAGO ULISSES;Deputado Estadual;Apto;Deferido
MG;PSDB;45240;TITO BRUNO MIRANDA TORRES DUARTE;TITO TORRES;Deputado Estadual;Apto;Deferido
CE;PPS;23123;TOMAZ HOLANDA DE LIMA;TOMAZ HOLANDA;Deputado Estadual;Apto;Deferido
PB;PSDB;45100;TOVAR ALVES CORREIA LIMA;TOVAR;Deputado Estadual;Apto;Deferido
MA;PSB;40100;UBIRAJARA DO PINDAR� ALMEIDA SOUSA;BIRA DO PINDAR�;Deputado Estadual;Apto;Deferido
MG;PT;13077;ULYSSES GOMES DE OLIVEIRA NETO;ULYSSES GOMES;Deputado Estadual;Apto;Deferido
GO;PTB;14800;VALCENOR BRAZ DE QUEIROZ;VALCENOR BRAZ;Deputado Estadual;Apto;Deferido
TO;PSD;55055;VALDEMAR RODRIGUES LIMA JUNIOR;VALDEMAR JUNIOR;Deputado Estadual;Apto;Deferido
RR;PV;43123;VALDENIR FERREIRA DA SILVA;VALDENIR DA ACTA;Deputado Estadual;Apto;Deferido
TO;PP;11145;VALDEREZ CASTELO BRANCO MARTINS;VALDEREZ;Deputado Estadual;Apto;Deferido
MT;PT;13123;VALDIR MENDES BARRANCO;VALDIR BARRANCO;Deputado Estadual;Apto;Deferido com recurso
SC;PMDB;15200;VALDIR VITAL COBALCHINI;VALDIR COBALCHINI;Deputado Estadual;Apto;Deferido
MA;PDT;12222;VAL�RIA MARIA SANTOS MACEDO;VAL�RIA MACEDO;Deputado Estadual;Apto;Deferido
SC;PP;11166;VALMIR FRANCISCO COMIN;VALMIR COMIN;Deputado Estadual;Apto;Deferido
SE;PTC;36111;VANDERBAL MARINHO MENEZES DE ANDRADE;DR VANDERBAL;Deputado Estadual;Apto;Deferido
MG;PMDB;15000;VANDERLEI ANDRADE MIRANDA;PASTOR VANDERLEI MIRANDA;Deputado Estadual;Apto;Deferido
SE;PP;11111;VEN�NCIO FONSECA FILHO;VEN�NCIO FONSECA;Deputado Estadual;Apto;Deferido
SC;PSDB;45999;VICENTE AUGUSTO CAROPRESO;DR. VICENTE;Deputado Estadual;Apto;Deferido
AM;PMDB;15123;VICENTE LOPES DE SOUZA;DR. VICENTE;Deputado Estadual;Apto;Deferido
TO;SD;77700;VILMAR ALVES DE OLIVEIRA;VILMAR;Deputado Estadual;Apto;Deferido
RS;PMDB;15444;VILMAR PERIN ZANCHIN;VILMAR ZANCHIN;Deputado Estadual;Apto;Deferido
PE;PSB;40999;VIN�CIUS LABANCA;VIN�CIUS LABANCA;Deputado Estadual;Apto;Deferido
GO;PSD;55123;VIRMONDES BORGES CRUVINEL FILHO;VIRMONDES CRUVINEL;Deputado Estadual;Apto;Deferido
RS;PSB;40400;VOLMIR JOSE MIKI BREIER;MIKI BREIER;Deputado Estadual;Apto;Deferido
RS;PR;22222;VOLNEI DA SILVA ALVES;MISSIONARIO VOLNEI;Deputado Estadual;Apto;Deferido
RJ;PMDB;15123;WAGNER DOS SANTOS CARNEIRO;WAGUINHO;Deputado Estadual;Apto;Deferido
RJ;PSD;55123;WAGNER MONTES DOS SANTOS;WAGNER MONTES;Deputado Estadual;Apto;Deferido
CE;PR;22190;WAGNER SOUSA GOMES;CAPIT�O W�GNER;Deputado Estadual;Apto;Deferido
RJ;PRB;10100;WALCYSNEU CARLOS MACEDO DE OLIVEIRA;CARLOS MACEDO;Deputado Estadual;Apto;Deferido
RJ;PT;13000;WALDECK CARNEIRO DA SILVA;WALDECK;Deputado Estadual;Apto;Deferido
PE;PSB;40640;WALDEMAR ALBERTO BORGES RODRIGUES NETO;WALDEMAR BORGES;Deputado Estadual;Apto;Deferido
PA;PDT;12345;WALDEMIRO EDUARDO DE ASSIS SANOVA NASCIMENTO;MIRO SANOVA;Deputado Estadual;Apto;Deferido
CE;PMDB;15640;WALTER LIMA FROTA CAVALCANTE;WALTER CAVALCANTE;Deputado Estadual;Apto;Deferido
MT;PSD;55055;WALTER MACHADO RABELLO J�NIOR;WALTER RABELLO;Deputado Estadual;Apto;Deferido
MT;PV;43333;WANCLEY CHARLES RODRIGUES DE CARVALHO;WANCLEY;Deputado Estadual;Apto;Deferido
MG;PSB;40640;WANDER JOSE GODDARD BORGES;WANDER BORGES;Deputado Estadual;Apto;Deferido
PA;PMDB;15615;WANDERLAN AUGUSTO BRAND�O QUARESMA;DR. WANDERLAN;Deputado Estadual;Apto;Deferido
TO;SD;77100;WANDERLEI BARBOSA CASTRO;WANDERLEI BARBOSA;Deputado Estadual;Apto;Deferido
RJ;PSB;40180;WANDERSON LUIZ CUNHA NOGUEIRA;WANDERSON NOGUEIRA;Deputado Estadual;Apto;Deferido
MG;PDT;12312;WASHINGTON FERNANDO RODRIGUES;DEPUTADO SARGENTO RODRIGUES;Deputado Estadual;Apto;Deferido
SP;PRB;10111;WELLINGTON DE SOUZA MOURA;WELLINGTON MOURA;Deputado Estadual;Apto;Deferido
BA;DEM;25161;WELLINGTON PASSOS DE ARA�JO;TOM ARA�JO;Deputado Estadual;Apto;Deferido
SP;PSDB;45123;WELSON GASPARINI;WELSON GASPARINI;Deputado Estadual;Apto;Deferido
AC;PR;22555;WHENDY SNANKY PRAXEDES PONCIANO DA SILVA LIMA;WHENDY LIMA;Deputado Estadual;Apto;Deferido
PR;PSC;20012;WILMAR REICHEMBACH;WILMAR REICHEMBACH;Deputado Estadual;Apto;Deferido
PI;PSB;40111;WILSON NUNES BRANDAO;WILSON BRANDAO;Deputado Estadual;Apto;Deferido
MT;PSDB;45100;WILSON PEREIRA DOS SANTOS;WILSON SANTOS;Deputado Estadual;Apto;Deferido
MG;PSD;55123;WILSON ROBERTO BATISTA;DR. WILSON BATISTA;Deputado Estadual;Apto;Deferido
RJ;PT;13333;ZAQUEU DA SILVA TEIXEIRA;ZAQUEU;Deputado Estadual;Apto;Deferido
