RR;PDT;1234;ABEL SALVADOR MESQUITA JUNIOR;ABEL GALINHA;Deputado Federal;Apto;Deferido
PE;PTB;1444;ADALBERTO CAVALCANTI RODRIGUES;ADALBERTO CAVALCANTI;Deputado Federal;Apto;Deferido
BA;PSB;4013;ADALBERTO SOUZA GALVAO;BEBETO;Deputado Federal;Apto;Deferido
SE;PTB;1414;ADELSON BARRETO DOS SANTOS;ADELSON BARRETO;Deputado Federal;Apto;Deferido
MT;PSB;4045;ADILTON DOMINGOS SACHETTI;ADILTON SACHETTI;Deputado Federal;Apto;Deferido
SP;DEM;2577;ADRIANO ELI CORREA;ELI CORR�A FILHO;Deputado Federal;Apto;Deferido
MG;PR;2222;AELTON JOS� DE FREITAS;AELTON FREITAS;Deputado Federal;Apto;Deferido
RS;PDT;1200;AFONSO ANTUNES DA MOTTA;AFONSO MOTTA;Deputado Federal;Apto;Deferido
BA;PT;1301;AFONSO BANDEIRA FLORENCE;AFONSO FLORENCE;Deputado Federal;Apto;Deferido
PB;PP;1111;AGUINALDO VELLOSO BORGES RIBEIRO;AGUINALDO RIBEIRO;Deputado Federal;Apto;Deferido
AC;PRB;1012;ALAN RICK MIRANDA;ALAN RICK;Deputado Federal;Apto;Deferido
RS;PMDB;1500;ALCEU MOREIRA DA SILVA;ALCEU MOREIRA;Deputado Federal;Apto;Deferido
RJ;PT;1313;ALESSANDRO LUCCIOLA MOLON;ALESSANDRO MOLON;Deputado Federal;Apto;Deferido
PR;PTB;1414;ALEX CANZIANI SILVEIRA;ALEX CANZIANI;Deputado Federal;Apto;Deferido
SP;PPS;2343;ALEX SPINELLI MANENTE;ALEX MANENTE;Deputado Federal;Apto;Deferido
RJ;PSD;5570;ALEXANDRE AUGUSTUS SERFIOTIS;ALEXANDRE SERFIOTIS;Deputado Federal;Apto;Deferido
GO;PSDB;4555;ALEXANDRE BALDY DE SANT'ANNA BRAGA;ALEXANDRE BALDY;Deputado Federal;Apto;Deferido
SP;DEM;2513;ALEXANDRE LEITE DA SILVA;ALEXANDRE LEITE;Deputado Federal;Apto;Deferido
RJ;PRP;4415;ALEXANDRE VALLE CARDOSO;ALEXANDRE VALLE;Deputado Federal;Apto;Deferido
AM;PR;2222;ALFREDO PEREIRA DO NASCIMENTO;ALFREDO NASCIMENTO;Deputado Federal;Apto;Deferido
BA;PC do B;6522;ALICE MAZZUCO PORTUGAL;ALICE PORTUGAL;Deputado Federal;Apto;Deferido
PR;PC do B;6565;ALIEL MACHADO BARK;ALIEL MACHADO;Deputado Federal;Apto;Deferido
RJ;PR;2269;ALTINEU CORTES FREITAS COUTINHO;ALTINEU CORTES;Deputado Federal;Apto;Deferido
MA;PSDC;2727;ALUISIO GUIMAR�ES MENDES FILHO;ALUISIO MENDES;Deputado Federal;Apto;Deferido
SP;PT;1321;ANA LUCIA LIPPAUS PERUGINI;ANA PERUGINI;Deputado Federal;Apto;Deferido
PE;PR;2222;ANDERSON FERREIRA RODRIGUES;ANDERSON FERREIRA;Deputado Federal;Apto;Deferido
PE;PSD;5555;ANDRE CARLOS ALVES DE PAULA FILHO;ANDRE DE PAULA;Deputado Federal;Apto;Deferido
AP;PRB;1010;ANDR� DOS SANTOS ABDON;ANDR� ABDON;Deputado Federal;Apto;Deferido
MA;PEN;5151;ANDR� LUIS CARVALHO RIBEIRO;ANDRE FUFUCA;Deputado Federal;Apto;Deferido
SE;PSC;2000;ANDRE LUIS DANTAS FERREIRA;ANDRE MOURA;Deputado Federal;Apto;Deferido
CE;PDT;1234;ANDRE PEIXOTO FIGUEIREDO LIMA;ANDR� FIGUEIREDO;Deputado Federal;Apto;Deferido
SP;PT;1354;ANDRES NAVARRO SANCHEZ;ANDRES SANCHEZ;Deputado Federal;Apto;Deferido
CE;PMDB;1500;ANIBAL FERREIRA GOMES;ANIBAL;Deputado Federal;Apto;Deferido
CE;PROS;9000;ANTONIO BALHMANN CARDOSO NUNES FILHO;BALMAN;Deputado Federal;Apto;Deferido
RS;PRB;1011;ANTONIO CARLOS GOMES DA SILVA;CARLOS GOMES;Deputado Federal;Apto;Deferido
SP;PRB;1010;ANTONIO CARLOS MARTINS DE BULH�ES;ANTONIO BULH�ES;Deputado Federal;Apto;Deferido
SE;PSB;4040;ANTONIO CARLOS VALADARES FILHO;VALADARES FILHO;Deputado Federal;Apto;Deferido
MA;PEN;5122;ANTONIO DA CRUZ FILGUEIRA JUNIOR;JUNIOR MARRECA;Deputado Federal;Apto;Deferido
SP;PSDB;4545;ANTONIO DUARTE NOGUEIRA JUNIOR;DUARTE NOGUEIRA;Deputado Federal;Apto;Deferido
SP;PSDB;4544;ANTONIO FLORIANO PEREIRA PESARO;FLORIANO PESARO;Deputado Federal;Apto;Deferido
SP;PSD;5580;ANTONIO GOULART DOS REIS;GOULART;Deputado Federal;Apto;Deferido
RN;PMN;3333;ANT�NIO J�COME DE LIMA JUNIOR;J�COME;Deputado Federal;Apto;Deferido
BA;PSDB;4555;ANTONIO JOS� IMBASSAHY DA SILVA;IMBASSAHY;Deputado Federal;Apto;Deferido
BA;PSC;2020;ANTONIO LAZARO SILVA;IRM�O LAZARO;Deputado Federal;Apto;Deferido
BA;PTB;1410;ANTONIO LUIZ PARANHOS RIBEIRO LEITE DE BRITO;ANTONIO BRITO;Deputado Federal;Apto;Deferido
RJ;PSD;5566;ANTONIO PEDRO INDIO DA COSTA;INDIO DA COSTA;Deputado Federal;Apto;Deferido
MG;PP;1122;ANT�NIO PINHEIRO J�NIOR;TONINHO PINHEIRO;Deputado Federal;Apto;Deferido
AP;PDT;1212;ANT�NIO ROBERTO RODRIGUES G�ES DA SILVA;ROBERTO G�ES;Deputado Federal;Apto;Deferido
ES;PDT;1212;ANTONIO SERGIO ALVES VIDIGAL;SERGIO VIDIGAL;Deputado Federal;Apto;Deferido
PR;PT;1345;ANTONIO WANDSCHEER;TONINHO WANDSCHEER;Deputado Federal;Apto;Deferido
SP;PT;1322;ARLINDO CHIGNALIA JUNIOR;ARLINDO CHINAGLIA;Deputado Federal;Apto;Deferido
SP;PPS;2345;ARNALDO CALIL PEREIRA JARDIM;ARNALDO JARDIM;Deputado Federal;Apto;Deferido
SP;PTB;1452;ARNALDO FARIA DE S�;ARNALDO FARIA DE S�;Deputado Federal;Apto;Deferido
PA;PPS;2323;ARNALDO JORDY FIGUEIREDO;JORDY;Deputado Federal;Apto;Deferido
RJ;PSD;5593;AROLDE DE OLIVEIRA;AROLDE DE OLIVEIRA;Deputado Federal;Apto;Deferido
AL;PP;1111;ARTHUR CESAR PEREIRA DE LIRA;ARTHUR LIRA;Deputado Federal;Apto;Deferido com recurso
BA;SD;7712;ARTHUR DE OLIVEIRA MAIA DA SILVA;ARTHUR MAIA;Deputado Federal;Apto;Deferido
AM;PSDB;4545;ARTHUR VIRGILIO DO CARMO RIBEIRO BISNETO;ARTUR BISNETO;Deputado Federal;Apto;Deferido
PR;PT;1314;ASSIS MIGUEL DO COUTO;ASSIS DO COUTO;Deputado Federal;Apto;Deferido
PI;PSB;4040;ATILA FREITAS LIRA;ATILA LIRA;Deputado Federal;Apto;Deferido
AM;PSD;5525;ATILA SIDNEY LINS DE ALBUQUERQUE;ATILA LINS;Deputado Federal;Apto;Deferido
DF;SD;7777;AUGUSTO SILVEIRA DE CARVALHO;AUGUSTO CARVALHO;Deputado Federal;Apto;Deferido
RJ;SD;7733;AUREO LIDIO MOREIRA RIBEIRO;AUREO;Deputado Federal;Apto;Deferido
RJ;PT;1377;BENEDITA SOUZA DA SILVA SAMPAIO;BENEDITA DA SILVA;Deputado Federal;Apto;Deferido
SP;PRB;1078;BENEDITO ROBERTO ALVES FERREIRA;ROBERTO ALVES;Deputado Federal;Apto;Deferido
RJ;PSOL;5020;BENEVENUTO DACIOLO FONSECA DOS SANTOS;CABO DACIOLO;Deputado Federal;Apto;Deferido
BA;PTB;1400;BENITO DA GAMA SANTOS;BENITO GAMA;Deputado Federal;Apto;Deferido
PB;SD;7777;BENJAMIN GOMES MARANH�O NETO;BENJAMIN MARANH�O;Deputado Federal;Apto;Deferido
MG;PSDB;4566;BONIF�CIO JOS� TAMM DE ANDRADA;BONIF�CIO ANDRADA;Deputado Federal;Apto;Deferido
SP;PSDB;4585;BRUNA DIAS FURLAN;BRUNA FURLAN;Deputado Federal;Apto;Deferido
MG;PTC;3645;BRUNIELE FERREIRA DA SILVA;BRUNNY;Deputado Federal;Apto;Deferido
PE;PSDB;4511;BRUNO CAVALCANTI DE ARA�JO;BRUNO ARA�JO;Deputado Federal;Apto;Deferido
SP;PSDB;4567;BRUNO COVAS LOPES;BRUNO COVAS;Deputado Federal;Apto;Deferido
MG;PSDB;4520;CAIO NARCIO RODRIGUES DA SILVEIRA;CAIO NARCIO;Deputado Federal;Apto;Deferido
RN;PP;1111;CARLOS ALBERTO DE SOUSA ROSADO SEGUNDO;BETINHO ROSADO SEGUNDO;Deputado Federal;Apto;Deferido
SP;PT;1370;CARLOS ALBERTO ROLIM ZARATTINI;ZARATTINI;Deputado Federal;Apto;Deferido
RR;PHS;3131;CARLOS AUGUSTO ANDRADE SILVA;CARLOS ANDRADE;Deputado Federal;Apto;Deferido com recurso
AC;PSB;4040;CARLOS CESAR CORREIA DE MESSIAS;C�SAR MESSIAS;Deputado Federal;Apto;Deferido
MG;DEM;2555;CARLOS DO CARMO ANDRADE MELLES;CARLOS MELLES;Deputado Federal;Apto;Deferido
MS;PMDB;1515;CARLOS EDUARDO XAVIER MARUN;MARUN;Deputado Federal;Apto;Deferido
BA;PP;1115;CARLOS FELIPE VAZQUEZ DE SOUZA LE�O;CAC� LE�O;Deputado Federal;Apto;Deferido
MT;PMDB;1515;CARLOS GOMES BEZERRA;CARLOS BEZERRA;Deputado Federal;Apto;Deferido
TO;PMDB;1515;CARLOS HENRIQUE AMORIM;CARLOS GAGUIM;Deputado Federal;Apto;Deferido com recurso
SP;PSDB;4500;CARLOS HENRIQUE FOCESI SAMPAIO;CARLOS SAMPAIO;Deputado Federal;Apto;Deferido
ES;SD;7777;CARLOS HUMBERTO MANNATO;MANATO;Deputado Federal;Apto;Deferido
MA;PV;4356;CARLOS VICTOR GUTERRES MENDES;VICTOR MENDES;Deputado Federal;Apto;Deferido
SC;PPS;2323;CARMEN EM�LIA BONF� ZANOTTO;CARMEN ZANOTTO;Deputado Federal;Apto;Deferido
GO;PSDB;4599;C�LIO ANT�NIO DA SILVEIRA;C�LIO SILVEIRA;Deputado Federal;Apto;Deferido
SC;PMDB;1560;CELSO MALDANER;CELSO MALDANER;Deputado Federal;Apto;Deferido
RJ;PMDB;1540;CELSO PANSERA;CELSO PANSERA;Deputado Federal;Apto;Deferido
SP;PRB;1000;CELSO UBIRAJARA RUSSOMANNO;CELSO RUSSOMANNO;Deputado Federal;Apto;Deferido
SC;PSD;5510;CESAR ANTONIO DE SOUZA;CESAR SOUZA;Deputado Federal;Apto;Deferido
TO;PRB;1010;CESAR HANNA HALUM;CESAR HALUM;Deputado Federal;Apto;Deferido
PR;PTN;1900;CHRISTIANE DE SOUZA YARED;CHRISTIANE YARED;Deputado Federal;Apto;Deferido
RJ;PR;2222;CLARISSA BARROS ASSED MATHEUS DE OLIVEIRA;CLARISSA GAROTINHO;Deputado Federal;Apto;Deferido
BA;DEM;2522;CLAUDIO CAJADO SAMPAIO;CLAUDIO CAJADO;Deputado Federal;Apto;Deferido
MA;PRB;1010;CLEBER VERDE CORDEIRO MENDES;CLEBER VERDE;Deputado Federal;Apto;Deferido
RJ;PTB;1414;CRISTIANE BRASIL FRANCISCO;CRISTIANE BRASIL;Deputado Federal;Apto;Deferido
MS;PDT;1234;DAGOBERTO NOGUEIRA FILHO;DAGOBERTO NOGUEIRA;Deputado Federal;Apto;Deferido
PB;PDT;1212;DAMI�O FELICIANO DA SILVA;DR. DAMI�O;Deputado Federal;Apto;Deferido
MG;PMN;3333;D�MINA DE CARVALHO PEREIRA;D�MINA PEREIRA;Deputado Federal;Apto;Deferido
GO;PMDB;1510;DANIEL ELIAS CARVALHO VILELA;DANIEL VILELA;Deputado Federal;Apto;Deferido
BA;PC do B;6565;DANIEL GOMES DE ALMEIDA;DANIEL ALMEIDA;Deputado Federal;Apto;Deferido
PE;PSDB;4545;DANIEL PIRES COELHO;DANIEL COELHO;Deputado Federal;Apto;Deferido
PE;PSB;4010;DANILO JORGE DE BARROS CABRAL;DANILO CABRAL;Deputado Federal;Apto;Deferido
RS;PSD;5501;DANRLEI DE DEUS HINTERHOLZ;DANRLEI DE DEUS GOLEIRO;Deputado Federal;Apto;Deferido
RS;PDT;1212;DARCI POMPEO DE MATTOS;POMPEO DE MATTOS;Deputado Federal;Apto;Deferido
RS;PMDB;1502;DARCISIO PAULO PERONDI;PERONDI;Deputado Federal;Apto;Deferido
SC;PT;1313;D�CIO NERY DE LIMA;D�CIO LIMA;Deputado Federal;Apto;Deferido
PR;PHS;3131;DIEGO ALEXSANDER GON�ALO PAULA GARCIA;DIEGO GARCIA;Deputado Federal;Apto;Deferido
MG;PSD;5555;DIEGO LEONARDO DE ANDRADE CARVALHO;DIEGO ANDRADE;Deputado Federal;Apto;Deferido
PR;PP;1122;DILCEU JO�O SPERAFICO;DILCEU SPERAFICO;Deputado Federal;Apto;Deferido
MG;PP;1111;DIMAS FABIANO TOLEDO J�NIOR;DIMAS FABIANO;Deputado Federal;Apto;Deferido
RS;PT;1355;DIONILSO MATEUS MARCON;MARCON;Deputado Federal;Apto;Deferido
CE;PROS;9090;DOMINGOS GOMES DE AGUIAR NETO;DOMINGOS NETO;Deputado Federal;Apto;Deferido
MG;PSDB;4560;DOMINGOS SAVIO CAMPOS RESENDE;DOMINGOS S�VIO;Deputado Federal;Apto;Deferido
TO;PMDB;1511;DULCE FERREIRA PAGANI MIRANDA;DULCE MIRANDA;Deputado Federal;Apto;Deferido
PA;PSD;5500;�DER MAURO CARDOSO BARRA;DELEGADO EDER MAURO;Deputado Federal;Apto;Deferido
RR;PMDB;1515;EDIO VIEIRA LOPES;EDIO LOPES;Deputado Federal;Apto;Deferido
PR;PSC;2023;EDMAR DE SOUZA ARRUDA;EDMAR ARRUDA;Deputado Federal;Apto;Deferido
PA;PSOL;5050;EDMILSON BRITO RODRIGUES;EDMILSON RODRIGUES;Deputado Federal;Apto;Deferido
SP;PMDB;1523;EDSON EDINHO COELHO ARAUJO;EDINHO ARAUJO;Deputado Federal;Apto;Deferido
MG;PTN;1907;EDSON MOREIRA DA SILVA;DELEGADO EDSON MOREIRA;Deputado Federal;Apto;Deferido
RJ;PMDB;1530;EDUARDO COSENTINO DA CUNHA;EDUARDO CUNHA;Deputado Federal;Apto;Deferido
PE;PP;1111;EDUARDO HENRIQUE DA FONTE DE ALBUQUERQUE SILVA;EDUARDO DA FONTE;Deputado Federal;Apto;Deferido
MG;PSDB;4535;EDUARDO LUIZ BARROS BARBOSA;EDUARDO BARBOSA;Deputado Federal;Apto;Deferido
SP;PSC;2070;EDUARDO NANTES BOLSONARO;EDUARDO BOLSONARO;Deputado Federal;Apto;Deferido
SP;PSDB;4515;EDUARDO PEDROSA CURY;EDUARDO CURY;Deputado Federal;Apto;Deferido
PB;DEM;2511;EFRAIM DE ARA�JO MORAIS FILHO;EFRAIM FILHO;Deputado Federal;Apto;Deferido
PA;PMDB;1515;ELCIONE THEREZINHA ZAHLUTH BARBALHO;ELCIONE;Deputado Federal;Apto;Deferido
MA;PPS;2323;ELIZIANE PEREIRA GAMA FERREIRA;ELIZIANE GAMA;Deputado Federal;Apto;Deferido
BA;DEM;2552;ELMAR JOS� VIEIRA NASCIMENTO;ELMAR;Deputado Federal;Apto;Deferido
RS;PT;1320;ELVINO JOSE BOHN GASS;BOHN GASS;Deputado Federal;Apto;Deferido
PR;PT;1330;ENIO JOS� VERRI;ENIO VERRI;Deputado Federal;Apto;Deferido
DF;PT;1331;�RIKA JUC� KOKAY;�RIKA KOKAY;Deputado Federal;Apto;Deferido
BA;PSC;2012;ERIVELTON LIMA SANTANA;ERIVELTON SANTANA;Deputado Federal;Apto;Deferido
BA;PRB;1012;ERONILDES VASCONCELOS CARVALHO;TIA ERON;Deputado Federal;Apto;Deferido
MG;PTB;1433;EROS FERREIRA BIONDINI;EROS BIONDINI;Deputado Federal;Apto;Deferido
SC;PP;1133;ESPERIDI�O AMIN HELOU FILHO;ESPERIDI�O AMIN;Deputado Federal;Apto;Deferido
ES;PV;4343;EVAIR VIEIRA DE MELO;EVAIR DE MELO;Deputado Federal;Apto;Deferido
SP;PV;4336;EVANDRO HERRERA BERTONE GUSSI;EVANDRO GUSSI;Deputado Federal;Apto;Deferido
PR;PSD;5533;EVANDRO ROG�RIO ROMAN;EVANDRO ROMAN;Deputado Federal;Apto;Deferido
RO;SD;7745;EXPEDITO GON�ALVES FERREIRA NETTO;EXPEDITO NETTO;Deputado Federal;Apto;Deferido
MT;PP;1111;EZEQUIEL ANGELO FONSECA;EZEQUIEL FONSECA;Deputado Federal;Apto;Deferido
RJ;SD;7725;EZEQUIEL CORTAZ TEIXEIRA;EZEQUIEL TEIXEIRA;Deputado Federal;Apto;Deferido
RJ;PT;1303;FABIANO TAQUES HORTA;FABIANO HORTA;Deputado Federal;Apto;Deferido
PI;PTB;1490;F�BIO ABREU COSTA;CAPIT�O FABIO ABREU;Deputado Federal;Apto;Deferido
MG;PV;4311;FABIO AUGUSTO RAMALHO DOS SANTOS;FABINHO RAMALHO;Deputado Federal;Apto;Deferido
SE;PSD;5555;F�BIO CRUZ MITIDIERI;F�BIO MITIDIERI;Deputado Federal;Apto;Deferido
SE;PMDB;1515;F�BIO DE ALMEIDA REIS;F�BIO REIS;Deputado Federal;Apto;Deferido
GO;PSDB;4578;F�BIO FERNANDES DE SOUSA;F�BIO SOUSA;Deputado Federal;Apto;Deferido
MT;PSB;4010;FABIO PAULINO GARCIA;FABIO GARCIA;Deputado Federal;Apto;Deferido
RN;PSD;5555;F�BIO SALUSTINO MESQUITA DE FARIA;FABIO FARIA;Deputado Federal;Apto;Deferido
SP;PRB;1023;FAUSTO RUY PINATO;FAUSTO PINATO;Deputado Federal;Apto;Deferido
PE;PSB;4004;FELIPE AUGUSTO LYRA CARRERAS;FELIPE CARRERAS;Deputado Federal;Apto;Deferido
RN;DEM;2512;FELIPE CATAL�O MAIA;FELIPE MAIA;Deputado Federal;Apto;Deferido
RJ;PSD;5522;FELIPE LEONE BORNIER DE OLIVEIRA;FELIPE BORNIER;Deputado Federal;Apto;Deferido
BA;PDT;1234;FELIX DE ALMEIDA MENDON�A JUNIOR;FELIX JR;Deputado Federal;Apto;Deferido
RJ;PMDB;1550;FERNANDO ANTONIO CECILIANO JORD�O;FERNANDO JORD�O;Deputado Federal;Apto;Deferido
PE;PSB;4001;FERNANDO BEZERRA DE SOUZA COELHO FILHO;FERNANDO FILHO;Deputado Federal;Apto;Deferido
PR;SD;7777;FERNANDO DESTITO FRANCISCHINI;DELEGADO FRANCISCHINI;Deputado Federal;Apto;Deferido
PR;PR;2200;FERNANDO LUCIO GIACOBO;GIACOBO;Deputado Federal;Apto;Deferido
GO;PDT;1212;FLAVIA CARREIRO ALBUQUERQUE MORAIS;FLAVIA MORAIS;Deputado Federal;Apto;Deferido
AC;PMDB;1555;FLAVIANO FL�VIO BAPTISTA DE MELO;FLAVIANO MELO;Deputado Federal;Apto;Deferido
CE;PR;2290;FLAVIO ALVES SABINO;CABO SABINO;Deputado Federal;Apto;Deferido
SP;PSB;4030;FLAVIO AUGUSTO DA SILVA;FLAVINHO;Deputado Federal;Apto;Deferido
PA;PSD;5577;FRANCISCO ALVES DE AGUIAR;CHAPADINHA;Deputado Federal;Apto;Deferido
CE;PMDB;1513;FRANCISCO DANILO BASTOS FORTE;DANILO FORTE;Deputado Federal;Apto;Deferido
PI;PT;1313;FRANCISCO DE ASSIS CARVALHO GON�ALVES;ASSIS CARVALHO;Deputado Federal;Apto;Deferido
PE;PSB;4050;FRANCISCO EURICO DA SILVA;PASTOR EURICO;Deputado Federal;Apto;Deferido
SP;PR;2222;FRANCISCO EVERARDO OLIVEIRA SILVA;TIRIRICA;Deputado Federal;Apto;Deferido
RJ;PR;2280;FRANCISCO FLORIANO DE SOUSA SILVA;FRANCISCO FLORIANO;Deputado Federal;Apto;Deferido
RJ;PT;1310;FRANCISCO JOS� D'ANGELO PINTO;CHICO D'ANGELO;Deputado Federal;Apto;Deferido
CE;PC do B;6565;FRANCISCO LOPES DA SILVA;CHICO LOPES;Deputado Federal;Apto;Deferido
RJ;PSOL;5050;FRANCISCO RODRIGUES DE ALENCAR FILHO;CHICO ALENCAR;Deputado Federal;Apto;Deferido
PE;PSB;4020;FRANCISCO TADEU BARBOSA DE ALENCAR;TADEU ALENCAR;Deputado Federal;Apto;Deferido
MG;PT do B;7012;FRANKLIN ROBERTO DE LIMA SOUZA;PASTOR FRANKLIN LIMA;Deputado Federal;Apto;Deferido
MG;PT;1311;GABRIEL GUIMAR�ES DE ANDRADE;GABRIEL GUIMAR�ES;Deputado Federal;Apto;Deferido
CE;SD;7777;GENECIAS MATEUS NORONHA;GENECIAS NORONHA;Deputado Federal;Apto;Deferido
MG;PRB;1010;GEORGE HILTON DOS SANTOS CECILIO;GEORGE HILTON;Deputado Federal;Apto;Deferido
SC;PSDB;4577;GEOVANIA DE SA RODRIGUES;GEOVANIA DE S�;Deputado Federal;Apto;Deferido
MS;PMDB;1511;GERALDO RESENDE PEREIRA;GERALDO RESENDE;Deputado Federal;Apto;Deferido
RS;PT;1301;GILBERTO JOS� SPIER VARGAS;PEPE VARGAS;Deputado Federal;Apto;Deferido
SP;PSC;2020;GILBERTO NASCIMENTO SILVA;GILBERTO NASCIMENTO;Deputado Federal;Apto;Deferido
RS;PMDB;1515;GIOVANI BATISTA FELTES;GIOVANI FELTES;Deputado Federal;Apto;Deferido
RS;PDT;1221;GIOVANI CHERINI;GIOVANI  CHERINI;Deputado Federal;Apto;Deferido
GO;PSDB;4545;GIUSEPPE VECCI;GIUSEPPE VECCI;Deputado Federal;Apto;Deferido
AL;PROS;9090;GIVALDO DE S� GOUVEIA CARIMB�O;GIVALDO CARIMB�O;Deputado Federal;Apto;Deferido
ES;PT;1320;GIVALDO VIEIRA DA SILVA;GIVALDO;Deputado Federal;Apto;Deferido
RJ;PSB;4080;GLAUBER DE MEDEIROS BRAGA;GLAUBER;Deputado Federal;Apto;Deferido
SP;PP;1100;GUILHERME MUSSI FERREIRA;GUILHERME MUSSI;Deputado Federal;Apto;Deferido
PE;PSDB;4500;HEBERTE LAMARCK GOMES DA SILVA;BETINHO;Deputado Federal;Apto;Deferido
RS;PSB;4012;HEITOR JOSE SCHUCH;HEITOR SCHUCH;Deputado Federal;Apto;Deferido
ES;PT;1350;HELDER IGNACIO SALOMAO;HELDER SALOMAO;Deputado Federal;Apto;Deferido
PA;DEM;2525;HELIO LEITE DA SILVA;H�LIO LEITE;Deputado Federal;Apto;Deferido
RS;PT;1313;HENRIQUE FONTANA JUNIOR;HENRIQUE FONTANA;Deputado Federal;Apto;Deferido
PI;PSB;4036;HERACLITO DE SOUSA FORTES;HERACLITO;Deputado Federal;Apto;Deferido
SP;PSD;5555;HERCULANO CASTILHO PASSOS JUNIOR;HERCULANO PASSOS;Deputado Federal;Apto;Deferido
PR;PMDB;1540;HERMES PARCIANELLO;HERMES FRANG�O PARCIANELLO;Deputado Federal;Apto;Deferido
GO;PSD;5500;HEULER ABREU CRUVINEL;HEULER CRUVINEL;Deputado Federal;Apto;Deferido
PR;PSC;2014;HIDEKAZU TAKAYAMA;TAKAYAMA;Deputado Federal;Apto;Deferido
MA;PMDB;1513;HILDO AUGUSTO DA ROCHA NETO;HILDO ROCHA;Deputado Federal;Apto;Deferido
RR;PMN;3333;HIRAN MANUEL GON�ALVES DA SILVA;DR. HIRAN GON�ALVES;Deputado Federal;Apto;Deferido
AM;PPS;2323;HISSA NAGIB ABRAH�O FILHO;HISSA ABRAH�O;Deputado Federal;Apto;Deferido
RJ;PROS;9090;HUGO LEAL MELO DA SILVA;HUGO LEAL;Deputado Federal;Apto;Deferido
PB;PMDB;1522;HUGO MOTTA WANDERLEY DA NOBREGA;HUGO;Deputado Federal;Apto;Deferido
SP;PSB;4096;IOLANDA KEIKO MIASHIRO OTA;OTA;Deputado Federal;Apto;Deferido
PI;PP;1111;IRACEMA MARIA PORTELLA NUNES NOGUEIRA LIMA;IRACEMA PORTELLA;Deputado Federal;Apto;Deferido
TO;PSD;5510;IRAJ� SILVESTRE FILHO;IRAJ� ABREU;Deputado Federal;Apto;Deferido
SP;PSOL;5050;IVAN VALENTE;IVAN VALENTE;Deputado Federal;Apto;Deferido
DF;PSDB;4545;IZALCI LUCAS FERREIRA;IZALCI;Deputado Federal;Apto;Deferido
PR;PSDB;4566;JACOB ALFREDO STOFFELS KAEFER;ALFREDO KAEFER;Deputado Federal;Apto;Deferido
MG;PSD;5550;JAIME MARTINS FILHO;JAIMINHO MARTINS;Deputado Federal;Apto;Deferido
RJ;PP;1120;JAIR MESSIAS BOLSONARO;JAIR BOLSONARO;Deputado Federal;Apto;Deferido
RJ;PC do B;6565;JANDIRA FEGHALI;JANDIRA FEGHALI;Deputado Federal;Apto;Deferido
AP;PSB;4040;JANETE MARIA G�ES CAPIBERIBE;JANETE;Deputado Federal;Apto;Deferido
PE;PMDB;1515;JARBAS DE ANDRADE VASCONCELOS;JARBAS;Deputado Federal;Apto;Deferido
RJ;PSOL;5005;JEAN WYLLYS DE MATOS SANTOS;JEAN WYLLYS;Deputado Federal;Apto;Deferido
SP;PSD;5544;JEFFERSON ALVES DE CAMPOS;JEFFERSON CAMPOS;Deputado Federal;Apto;Deferido
RS;PP;1133;JER�NIMO PIZZOLOTTO GOERGEN;JER�NIMO GOERGEN;Deputado Federal;Apto;Deferido
AC;PMDB;1515;J�SSICA ROJAS SALES;J�SSICA SALES;Deputado Federal;Apto;Deferido
DF;DEM;2525;JO�O ALBERTO FRAGA SILVA;FRAGA;Deputado Federal;Apto;Deferido
GO;PSDB;4565;JOAO CAMPOS DE ARAUJO;JOAO CAMPOS;Deputado Federal;Apto;Deferido
BA;PTN;1919;JOAO CARLOS BACELAR BATISTA;JOAO CARLOS BACELAR;Deputado Federal;Apto;Deferido
BA;PR;2288;JO�O CARLOS PAOLILO BACELAR FILHO;JO�O BACELAR;Deputado Federal;Apto;Deferido
MG;PT;1315;JO�O CARLOS SIQUEIRA;PADRE JO�O;Deputado Federal;Apto;Deferido
MA;PSDB;4555;JO�O CASTELO RIBEIRO GON�ALVES;JO�O CASTELO;Deputado Federal;Apto;Deferido
RS;PC do B;6565;JO�O DERLY DE OLIVEIRA NUNES JUNIOR;JO�O DERLY;Deputado Federal;Apto;Deferido
PE;PSB;4040;JOAO FERNANDO PONTUAL COUTINHO;JOAO FERNANDO COUTINHO;Deputado Federal;Apto;Deferido
RJ;PR;2200;JOAO FERREIRA NETO;DR JO�O;Deputado Federal;Apto;Deferido
BA;PSDB;4567;JO�O GUALBERTO VASCONCELOS;JO�O GUALBERTO;Deputado Federal;Apto;Deferido
AL;SD;7777;JO�O HENRIQUE HOLANDA CALDAS;JHC;Deputado Federal;Apto;Deferido
PR;PMDB;1511;JO�O JOS� DE ARRUDA JUNIOR;JOAO ARRUDA;Deputado Federal;Apto;Deferido
MA;PMDB;1555;JO�O MARCELO SANTOS SOUZA;JO�O MARCELO;Deputado Federal;Apto;Deferido
SC;PSD;5588;JO�O PAULO KARAM KLEINUBING;JO�O PAULO KLEINUBING;Deputado Federal;Apto;Deferido
SP;PSDB;4522;JOAO PAULO TAVARES PAPA;PAPA;Deputado Federal;Apto;Deferido
SC;PSD;5555;JO�O RODRIGUES;JO�O RODRIGUES;Deputado Federal;Apto;Deferido com recurso
SE;PT;1311;JO�O SOMARIVA DANIEL;JO�O DANIEL;Deputado Federal;Apto;Deferido
PA;PSD;5555;JOAQUIM PASSARINHO PINTO DE SOUZA PORTO;JOAQUIM PASSARINHO;Deputado Federal;Apto;Deferido
RR;PRB;1011;JOHNATHAN PEREIRA DE JESUS;JOHNATHAN DE JESUS;Deputado Federal;Apto;Deferido
SE;PRB;1010;JONY MARCOS DE SOUZA ARA�JO;PASTOR JONY;Deputado Federal;Apto;Deferido
SC;PP;1105;JORGE CATARINO LEONARDELI BOEIRA;JORGE BOEIRA;Deputado Federal;Apto;Deferido
BA;PT;1313;JORGE JOS� SANTOS PEREIRA SOLLA;JORGE SOLLA;Deputado Federal;Apto;Deferido
ES;PROS;9090;JORGE SILVA;DR. JORGE SILVA;Deputado Federal;Apto;Deferido
SP;DEM;2500;JORGE TADEU MUDALEN;JORGE TADEU;Deputado Federal;Apto;Deferido
PE;PTB;1411;JORGE WICKS C�RTE REAL;JORGE C�RTE REAL;Deputado Federal;Apto;Deferido
SC;PR;2223;JORGINHO DOS SANTOS MELLO;JORGINHO MELLO;Deputado Federal;Apto;Deferido
MA;PT;1300;JOSE  CARLOS NUNES JUNIOR;Z� CARLOS;Deputado Federal;Apto;Deferido
CE;PHS;3131;JOSE ADAIL CARNEIRO SILVA;ADAIL CARNEIRO;Deputado Federal;Apto;Deferido
CE;PT;1333;JOSE AIRTON FELIX CIRILO DA SILVA;JOS� AIRTON;Deputado Federal;Apto;Deferido
RS;PP;1166;JOS� ALFONSO EBERT HAMM;AFONSO HAMM;Deputado Federal;Apto;Deferido
BA;PR;2222;JOS� ALVES ROCHA;JOS� ROCHA;Deputado Federal;Apto;Deferido
CE;PTB;1451;JOSE ARNON CRUZ BEZERRA DE MENEZES;ARNON BEZERRA;Deputado Federal;Apto;Deferido
SP;PR;2200;JOSE AUGUSTO ROSA;CAPIT�O AUGUSTO;Deputado Federal;Apto;Deferido
PA;PMDB;1555;JOS� BENITO PRIANTE JUNIOR;PRIANTE;Deputado Federal;Apto;Deferido
BA;DEM;2555;JOS� CARLOS ALELUIA COSTA;ALELUIA;Deputado Federal;Apto;Deferido
PR;PT;1310;JOS� CARLOS BECKER DE OLIVEIRA E SILVA;ZECA DIRCEU;Deputado Federal;Apto;Deferido
BA;PSD;5500;JOS� CARLOS LE�O DE ARAUJO;JOS� CARLOS ARAUJO;Deputado Federal;Apto;Deferido
PE;PTB;1400;JOSE CAVALCANTI ALVES JUNIOR;ZECA CAVALCANTI;Deputado Federal;Apto;Deferido
AL;PRTB;2800;JOSE CICERO SOARES DE ALMEIDA;CICERO ALMEIDA;Deputado Federal;Apto;Deferido
PI;PTB;1410;JOS� FRANCISCO PAES LANDIM;PAES LANDIM;Deputado Federal;Apto;Deferido
PA;PT;1321;JOSE GERALDO TORRES DA SILVA;Z� GERALDO;Deputado Federal;Apto;Deferido
MA;PRP;4410;JOSE JUSCELINO DOS SANTOS REZENDE FILHO;JUSCELINO FILHO;Deputado Federal;Apto;Deferido
MG;PT;1363;JOSE LEONARDO COSTA MONTEIRO;LEONARDO MONTEIRO;Deputado Federal;Apto;Deferido
CE;PROS;9099;JOSE LEONIDAS DE MENEZES CRISTINO;LEONIDAS CRISTINO;Deputado Federal;Apto;Deferido
RS;PSB;4080;JOSE LUIZ STEDILE;JOSE STEDILE;Deputado Federal;Apto;Deferido
CE;PSL;1777;JOSE MARIA MACEDO JUNIOR;MACEDO;Deputado Federal;Apto;Deferido
PE;DEM;2525;JOS� MENDON�A BEZERRA FILHO;MENDON�A FILHO;Deputado Federal;Apto;Deferido
SP;PT;1332;JOSE MENTOR GUILHERME DE MELLO NETTO;JOS� MENTOR;Deputado Federal;Apto;Deferido
CE;PT;1322;JOSE NOBRE GUIMAR�ES;JOS� GUIMAR�ES;Deputado Federal;Apto;Deferido
BA;PSD;5577;JOS� NUNES SOARES;JOS� NUNES;Deputado Federal;Apto;Deferido
SP;PP;1155;JOSE OL�MPIO SILVEIRA MORAES;MISSION�RIO JOS� OL�MPIO;Deputado Federal;Apto;Deferido
MS;PT;1313;JOS� ORC�RIO MIRANDA DOS SANTOS;ZECA DO PT;Deputado Federal;Apto;Deferido
RS;PP;1112;JOS� OTAVIO GERMANO;JOS� OTAVIO GERMANO;Deputado Federal;Apto;Deferido
MA;PSB;4040;JOS� REINALDO CARNEIRO TAVARES;Z� REINALDO;Deputado Federal;Apto;Deferido
SP;PSDB;4565;JOS� RICARDO ALVARENGA TRIPOLI;RICARDO TRIPOLI;Deputado Federal;Apto;Deferido
PA;PT;1313;JOSE ROBERTO OLIVEIRA FARO;BETO FARO;Deputado Federal;Apto;Deferido
MG;PMDB;1590;JOS� SARAIVA FELIPE;SARAIVA FELIPE;Deputado Federal;Apto;Deferido
MA;PV;4321;JOS� SARNEY FILHO;SARNEY FILHO;Deputado Federal;Apto;Deferido
MG;SD;7777;JOS� SILVA SOARES;Z� SILVA;Deputado Federal;Apto;Deferido
PB;PR;2222;JOS� WELLINGTON ROBERTO;WELLINGTON ROBERTO;Deputado Federal;Apto;Deferido
PB;PTB;1411;JOSE WILSON SANTIAGO FILHO;WILSON FILHO;Deputado Federal;Apto;Deferido
BA;PT;1312;JOSIAS GOMES DA SILVA;JOSIAS GOMES;Deputado Federal;Apto;Deferido
TO;PMDB;1500;JOSINIANE BRAGA NUNES;JOSI NUNES;Deputado Federal;Apto;Deferido
PA;PTB;1456;JOSU� BENGTSON;JOSU� BENGTSON;Deputado Federal;Apto;Deferido
GO;PTB;1414;JOVAIR OLIVEIRA ARANTES;JOVAIR ARANTES;Deputado Federal;Apto;Deferido
AP;PTB;1478;JOZIANE ARAUJO NASCIMENTO ROCHA;JOZI ROCHA;Deputado Federal;Apto;Deferido
PA;PSC;2020;JULIA MARIA GODINHO DA CRUZ MARINHO;JULIA MARINHO;Deputado Federal;Apto;Deferido
MA;PDT;1211;JULI�O AMIN CASTRO;JULIAO AMIN;Deputado Federal;Apto;Deferido
PI;PSD;5555;JULIO CESAR DE CARVALHO LIMA;J�LIO C�SAR;Deputado Federal;Apto;Deferido
MG;PSB;4050;JULIO CESAR DELGADO;JULIO DELGADO;Deputado Federal;Apto;Deferido
RJ;PP;1111;JULIO LUIZ BAPTISTA LOPES;J�LIO LOPES;Deputado Federal;Apto;Deferido
BA;PSDB;4545;JUTAHY MAGALH�ES JUNIOR;JUTAHY MAGALH�ES;Deputado Federal;Apto;Deferido
PE;PHS;3140;KAIO C�SAR DE MOURA MANI�OBA NOVAES FERRAZ;KAIO MANI�OBA;Deputado Federal;Apto;Deferido
SE;SD;7777;LA�RCIO JOS� DE OLIVEIRA;LA�RCIO OLIVEIRA;Deputado Federal;Apto;Deferido
DF;PR;2222;LAERTE RODRIGUES DE BESSA;LAERTE BESSA;Deputado Federal;Apto;Deferido
MG;PMDB;1580;LAUDIVIO ALVARENGA CARVALHO;LAUD�VIO CARVALHO;Deputado Federal;Apto;Deferido
TO;PP;1145;L�ZARO BOTELHO MARTINS;L�ZARO BOTELHO;Deputado Federal;Apto;Deferido
PR;PV;4300;LEANDRE DAL PONTE;LEANDRE;Deputado Federal;Apto;Deferido
RJ;PMDB;1580;LEONARDO CARNEIRO MONTEIRO PICCIANI;LEONARDO PICCIANI;Deputado Federal;Apto;Deferido
AC;PT;1331;LEONARDO CUNHA DE BRITO;L�O DO PT;Deputado Federal;Apto;Deferido
MG;PMDB;1500;LEONARDO LEMOS BARROS QUINT�O;LEONARDO QUINT�O;Deputado Federal;Apto;Deferido
PR;PSB;4070;LEOPOLDO COSTA MEYER;LEOPOLDO MEYER;Deputado Federal;Apto;Deferido
MG;PR;2233;LINCOLN DINIZ PORTELA;LINCOLN PORTELA;Deputado Federal;Apto;Deferido
RO;PMDB;1521;LINDOMAR BARBOSA ALVES;LINDOMAR GAR�ON;Deputado Federal;Apto;Deferido
GO;SD;7777;LUCAS DE CASTRO SANTOS;LUCAS VERG�LIO;Deputado Federal;Apto;Deferido
PE;PC do B;6510;LUCIANA BARBOSA DE OLIVEIRA SANTOS;LUCIANA SANTOS;Deputado Federal;Apto;Deferido
PR;PSB;4040;LUCIANO DUCCI;LUCIANO DUCCI;Deputado Federal;Apto;Deferido
RO;PMDB;1555;LUCIO ANTONIO MOSQUINI;LUCIO MOSQUINI;Deputado Federal;Apto;Deferido
PA;PR;2222;LUCIO DUTRA VALE;LUCIO VALE;Deputado Federal;Apto;Deferido
BA;PMDB;1518;LUCIO QUADROS VIEIRA LIMA;LUCIO VIEIRA LIMA;Deputado Federal;Apto;Deferido
RS;PP;1111;LUIS ANTONIO FRANCISCATTO COVATTI;COVATTI FILHO;Deputado Federal;Apto;Deferido
RS;PP;1144;LUIS CARLOS HEINZE;LUIZ CARLOS HEINZE;Deputado Federal;Apto;Deferido
MG;PT do B;7070;LUIS HENRIQUE DE OLIVEIRA RESENDE;LUIS TIBE;Deputado Federal;Apto;Deferido
PB;PT;1345;LUIZ ALBUQUERQUE COUTO;LUIZ COUTO;Deputado Federal;Apto;Deferido
BA;PT;1300;LUIZ CARLOS CAETANO;CAETANO;Deputado Federal;Apto;Deferido
RS;PTB;1414;LUIZ CARLOS GHIORZZI BUSATO;BUSATO;Deputado Federal;Apto;Deferido
PR;PSDB;4515;LUIZ CARLOS JORGE HAULY;LUIZ CARLOS HAULY;Deputado Federal;Apto;Deferido
RJ;PSDC;2727;LUIZ CARLOS RAMOS;LUIZ CARLOS RAMOS DO CHAPEU;Deputado Federal;Apto;Deferido
RO;PR;2222;LUIZ CLAUDIO PEREIRA ALVES;LUIZ CLAUDIO;Deputado Federal;Apto;Deferido
SP;PMDB;1515;LUIZ FELIPE BALEIA TENUTO ROSSI;BALEIA ROSSI;Deputado Federal;Apto;Deferido
MG;PP;1145;LUIZ FERNANDO RAMOS FARIA;LUIZ FERNANDO;Deputado Federal;Apto;Deferido
AP;PMDB;1512;LUIZ GIONILSON PINHEIRO BORGES;CABU�U;Deputado Federal;Apto;Deferido
PE;PSB;4000;LUIZ GONZAGA PATRIOTA;GONZAGA PATRIOTA;Deputado Federal;Apto;Deferido
MG;PDT;1231;LUIZ GONZAGA RIBEIRO;SUB-TENENTE GONZAGA;Deputado Federal;Apto;Deferido
MS;DEM;2555;LUIZ HENRIQUE MANDETTA;MANDETTA;Deputado Federal;Apto;Deferido
PR;PR;2222;LUIZ HILOSHI NISHIMORI;LUIZ NISHIMORI;Deputado Federal;Apto;Deferido
SP;PSB;4000;LUIZ LAURO FERREIRA FILHO;LUIZ LAURO FILHO;Deputado Federal;Apto;Deferido
CE;PT;1331;LUIZ ODORICO MONTEIRO DE ANDRADE;ODORICO;Deputado Federal;Apto;Deferido
SP;PT;1398;LUIZ PAULO TEIXEIRA FERREIRA;PAULO TEIXEIRA;Deputado Federal;Apto;Deferido
RJ;PT;1312;LUIZ SERGIO N�BREGA DE OLIVEIRA;LUIZ S�RGIO;Deputado Federal;Apto;Deferido
SP;PSB;4021;LUIZA ERUNDINA DE SOUSA;LUIZA ERUNDINA;Deputado Federal;Apto;Deferido
CE;PT;1313;LUIZIANNE DE OLIVEIRA LINS;LUIZIANNE LINS;Deputado Federal;Apto;Deferido
GO;PR;2222;MAGDA MOFATTO HON;MAGDA MOFATTO;Deputado Federal;Apto;Deferido
PB;PMDB;1515;MANOEL ALVES DA SILVA JUNIOR;MANOEL JUNIOR;Deputado Federal;Apto;Deferido
SP;PSDB;4517;MARA CRISTINA GABRILLI;MARA GABRILLI;Deputado Federal;Apto;Deferido
PR;PP;1120;MARCELO BELINATI MARTINS;MARCELO BELINATI;Deputado Federal;Apto;Deferido
PI;PMDB;1515;MARCELO COSTA E CASTRO;MARCELO CASTRO;Deputado Federal;Apto;Deferido
MG;PHS;3133;MARCELO GUILHERME DE ARO FERREIRA;MARCELO ARO;Deputado Federal;Apto;Deferido
MG;PRP;4433;MARCELO HENRIQUE TEIXEIRA DIAS;MARCELO ALVARO ANTONIO;Deputado Federal;Apto;Deferido
SP;PRB;1080;MARCELO SQUASSONI;MARCELO SQUASONI;Deputado Federal;Apto;Deferido
RJ;PDT;1200;MARCELO VIVIANI GON�ALVES;MARCELO MATOS;Deputado Federal;Apto;Deferido
MS;PSDB;4545;MARCIO CAMPOS MONTEIRO;MARCIO MONTEIRO;Deputado Federal;Apto;Deferido
BA;PRB;1010;M�RCIO CARLOS MARINHO;M�RCIO MARINHO;Deputado Federal;Apto;Deferido
RS;PMDB;1520;M�RCIO DELLA VALLE BIOLCHI;M�RCIO BIOLCHI;Deputado Federal;Apto;Deferido
SP;PR;2299;MARCIO LUIZ ALVINO DE SOUZA;MARCIO ALVINO;Deputado Federal;Apto;Deferido
AP;PT;1312;MARCIVANIA DO SOCORRO DA ROCHA FLEXA;PROFESSORA MARCIV�NIA;Deputado Federal;Apto;Deferido
SP;PSC;2010;MARCO ANTONIO FELICIANO;PASTOR MARCO FELICIANO;Deputado Federal;Apto;Deferido
RJ;PMDB;1577;MARCO ANT�NIO NEVES CABRAL;MARCO ANT�NIO CABRAL;Deputado Federal;Apto;Deferido
SC;PSDB;4545;MARCO ANTONIO TEBALDI;MARCO TEBALDI;Deputado Federal;Apto;Deferido
RS;PT;1314;MARCO AUR�LIO SPALL MAIA;MARCO MAIA;Deputado Federal;Apto;Deferido
GO;PPS;2345;MARCOS ABRAO RORIZ SOARES DE CARVALHO;MARCOS ABR�O;Deputado Federal;Apto;Deferido
RJ;PR;2211;MARCOS BEZERRA RIBEIRO SOARES;MARCOS SOARES;Deputado Federal;Apto;Deferido
AP;PSC;2020;MARCOS JOSE REATEGUI SOUZA;MARCOS REATEGUI;Deputado Federal;Apto;Deferido
MG;PSD;5545;MARCOS MONTES CORDEIRO;MARCOS MONTES;Deputado Federal;Apto;Deferido
RO;PDT;1234;MARCOS ROGERIO DA SILVA BRITO;MARCOS ROGERIO;Deputado Federal;Apto;Deferido
AM;PMDB;1515;MARCOS SERGIO ROTTA;MARCOS ROTTA;Deputado Federal;Apto;Deferido
ES;PP;1145;MARCUS ANT�NIO VICENTE;MARCUS VICENTE;Deputado Federal;Apto;Deferido
MG;PSDB;4555;MARCUS VINICIUS CAETANO PESTANA DA SILVA;MARCUS PESTANA;Deputado Federal;Apto;Deferido
TO;DEM;2580;MARIA AUXILIADORA SEABRA REZENDE;PROFESSORA DORINHA;Deputado Federal;Apto;Deferido
AM;PP;1122;MARIA DA CONCEI��O SAMPAIO MOURA;CONCEI��O SAMPAIO;Deputado Federal;Apto;Deferido
RS;PT;1370;MARIA DO ROS�RIO NUNES;MARIA DO ROS�RIO;Deputado Federal;Apto;Deferido
MG;PC do B;6565;MARIA DO SOCORRO J� MORAES;J� MORAES;Deputado Federal;Apto;Deferido
CE;PR;2233;MARIA GORETE PEREIRA;GORETE PEREIRA;Deputado Federal;Apto;Deferido
RR;PSB;4040;MARIA HELENA VERONESE RODRIGUES;MARIA HELENA;Deputado Federal;Apto;Deferido
MG;PT;1314;MARIA MARGARIDA MARTINS SALOM�O;MARGARIDA SALOM�O;Deputado Federal;Apto;Deferido
RO;PSDB;4545;MARIANA FONSECA RIBEIRO CARVALHO DE MORAES;MARIANA CARVALHO;Deputado Federal;Apto;Deferido
PE;PSB;4012;MARINALDO ROSENDO DE ALBUQUERQUE;MARINALDO ROSENDO;Deputado Federal;Apto;Deferido
RO;PMDB;1515;MARINHA C�LIA ROCHA RAUPP DE MATOS;MARINHA RAUPP;Deputado Federal;Apto;Deferido
MG;PDT;1234;MARIO LUCIO HERINGER;MARIO HERINGER;Deputado Federal;Apto;Deferido
BA;PP;1111;M�RIO S�LVIO MENDES NEGROMONTE J�NIOR;M�RIO NEGROMONTE JR;Deputado Federal;Apto;Deferido
AL;PMDB;1515;MARX BELTR�O LIMA SIQUEIRA;MARX BELTR�O;Deputado Federal;Apto;Deferido
AL;PR;2266;MAUR�CIO QUINTELLA MALTA LESSA;MAURICIO QUINTELLA;Deputado Federal;Apto;Deferido
SC;PMDB;1570;MAURO MARIANI;MAURO MARIANI;Deputado Federal;Apto;Deferido
MG;PMDB;1511;MAURO RIBEIRO LOPES;MAURO LOPES;Deputado Federal;Apto;Deferido
ES;PSDB;4500;MAX FREITAS MAURO FILHO;MAX FILHO;Deputado Federal;Apto;Deferido
MG;PT;1330;MIGUEL CORREA DA SILVA JUNIOR;MIGUEL CORREA;Deputado Federal;Apto;Deferido
SP;PR;2277;MIGUEL LOMBARDI;MIGUEL LOMBARDI;Deputado Federal;Apto;Deferido
SP;PSDB;4547;MIGUEL MOUBADDA HADDAD;MIGUEL HADDAD;Deputado Federal;Apto;Deferido
SP;PR;2255;MILTON ANTONIO CASQUEL MONTI;MILTON MONTI;Deputado Federal;Apto;Deferido
RJ;PROS;9000;MIRO TEIXEIRA;MIRO TEIXEIRA;Deputado Federal;Apto;Deferido
MG;DEM;2505;MISAEL ARTUR FERREIRA VARELLA;MISAEL VARELLA;Deputado Federal;Apto;Deferido
BA;PT;1363;MOEMA ISABEL PASSOS GRAMACHO;MOEMA GRAMACHO;Deputado Federal;Apto;Deferido
CE;DEM;2525;MORONI BING TORGAN;MORONI;Deputado Federal;Apto;Deferido
CE;PPS;2323;MOSES HAENDEL MELO RODRIGUES;MOSES RODRIGUES;Deputado Federal;Apto;Deferido
RS;PSDB;4545;NELSON MARCHEZAN JUNIOR;NELSON MARCHEZAN JUNIOR;Deputado Federal;Apto;Deferido
SP;PTB;1434;NELSON MARQUEZELLI;NELSON MARQUEZELLI;Deputado Federal;Apto;Deferido
PR;PP;1111;NELSON MEURER;NELSON MEURER;Deputado Federal;Apto;Deferido
BA;PT;1346;NELSON VICENTE PORTELA PELLEGRINO;PELEGRINO;Deputado Federal;Apto;Deferido
MG;PMDB;1510;NEWTON CARDOSO J�NIOR;NEWTON CARDOSO JR;Deputado Federal;Apto;Deferido
MT;PSDB;4500;NILSON APARECIDO LEIT�O;NILSON LEIT�O;Deputado Federal;Apto;Deferido
PA;PSDB;4590;NILSON PINTO DE OLIVEIRA;NILSON PINTO;Deputado Federal;Apto;Deferido
SP;PT;1353;NILTO IGN�CIO TATTO;NILTO TATTO;Deputado Federal;Apto;Deferido
RO;PTB;1406;NILTON BALBINO;NILTON CAPIXABA;Deputado Federal;Apto;Deferido
MG;PT;1307;ODAIR JOSE DA CUNHA;ODAIR CUNHA;Deputado Federal;Apto;Deferido
MG;PP;1199;ODELMO LE�O CARNEIRO SOBRINHO;ODELMO LE�O;Deputado Federal;Apto;Deferido
MG;PR;2245;OLAVO BILAC PINTO NETO;BILAC PINTO;Deputado Federal;Apto;Deferido
RS;DEM;2522;ONYX DORNELLES LORENZONI;ONYX LORENZONI;Deputado Federal;Apto;Deferido
SP;PC do B;6565;ORLANDO SILVA DE JESUS JUNIOR;ORLANDO SILVA;Deputado Federal;Apto;Deferido
RS;PMDB;1522;OSMAR GASPARINI TERRA;OSMAR TERRA;Deputado Federal;Apto;Deferido
PR;PMDB;1533;OSMAR JOSE SERRAGLIO;OSMAR SERRAGLIO;Deputado Federal;Apto;Deferido
RJ;PSDB;4555;OTAVIO SANTOS SILVA LEITE;OTAVIO LEITE;Deputado Federal;Apto;Deferido
MG;PT;1333;PATRUS ANANIAS DE SOUSA;PATRUS ANANIAS;Deputado Federal;Apto;Deferido
AM;DEM;2525;PAUDERNEY TOMAZ AVELINO;PAUDERNEY;Deputado Federal;Apto;Deferido
MG;PSDB;4545;PAULO ABI-ACKEL;PAULO ABI-ACKEL;Deputado Federal;Apto;Deferido
AL;PT;1313;PAULO FERNANDO DOS SANTOS;PAUL�O;Deputado Federal;Apto;Deferido
RJ;PR;2288;PAULO FERNANDO FEIJ� TORRES;PAULO FEIJ�;Deputado Federal;Apto;Deferido
SP;SD;7777;PAULO PEREIRA DA SILVA;PAULINHO DA FOR�A;Deputado Federal;Apto;Deferido
ES;PSB;4040;PAULO ROBERTO FOLETTO;FOLETTO;Deputado Federal;Apto;Deferido
SP;PR;2233;PAULO ROBERTO FREIRE DA COSTA;PAULO FREIRE;Deputado Federal;Apto;Deferido
SP;PRB;1044;PAULO ROBERTO GOMES MANSUR;BETO MANSUR;Deputado Federal;Apto;Deferido
RS;PT;1307;PAULO ROBERTO SEVERO PIMENTA;PAULO PIMENTA;Deputado Federal;Apto;Deferido
SP;PP;1111;PAULO SALIM MALUF;PAULO MALUF;Deputado Federal;Apto;Deferido
BA;PSD;5529;PAULO SERGIO PARANHOS DE MAGALH�ES;PAULO MAGALH�ES;Deputado Federal;Apto;Deferido
BA;DEM;2526;PAULO VELLOSO DANTAS AZI;PAULO AZI;Deputado Federal;Apto;Deferido
MA;PTB;1414;PEDRO FERNANDES RIBEIRO;PEDRO FERNANDES;Deputado Federal;Apto;Deferido
SC;PT;1350;PEDRO FRANCISCO UCZAI;PEDRO UCZAI;Deputado Federal;Apto;Deferido
PB;PSDB;4510;PEDRO OLIVEIRA CUNHA LIMA;PEDRO CUNHA LIMA;Deputado Federal;Apto;Deferido
RJ;PMDB;1515;PEDRO PAULO CARVALHO TEIXEIRA;PEDRO PAULO;Deputado Federal;Apto;Deferido
GO;PMDB;1580;PEDRO PINHEIRO CHAVES;PEDRO CHAVES;Deputado Federal;Apto;Deferido
AL;PSDB;4545;PEDRO TORRES BRAND�O VILELA;PEDRO VILELA;Deputado Federal;Apto;Deferido
RN;PROS;9090;RAFAEL HUETE DA MOTTA;RAFAEL MOTTA;Deputado Federal;Apto;Deferido
AC;PT;1314;RAIMUNDO ANGELIM VASCONCELOS;ANGELIM;Deputado Federal;Apto;Deferido
CE;PSDB;4511;RAIMUNDO GOMES DE MATOS;RAIMUNDO MATOS;Deputado Federal;Apto;Deferido
MG;PT;1312;REGINALDO L�ZARO DE OLIVEIRA LOPES;REGINALDO LOPES;Deputado Federal;Apto;Deferido
PI;PT;1311;REJANE RIBEIRO SOUSA DIAS;REJANE DIAS;Deputado Federal;Apto;Deferido
RR;PR;2233;REMIDIO MONAI MONTESSI;REMIDIO DA AMATUR;Deputado Federal;Apto;Deferido
SP;PTN;1919;RENATA HELLMEISTER DE ABREU;RENATA ABREU;Deputado Federal;Apto;Deferido
RS;PP;1122;RENATO DELMAR MOLLING;RENATO MOLLING;Deputado Federal;Apto;Deferido
MG;PP;1121;RENZO DO AMARAL BRAZ;RENZO BRAZ;Deputado Federal;Apto;Deferido
SP;PSD;5533;RICARDO IZAR JUNIOR;RICARDO IZAR;Deputado Federal;Apto;Deferido
PR;PP;1151;RICARDO JOS� MAGALH�ES BARROS;RICARDO BARROS;Deputado Federal;Apto;Deferido
PE;PTB;1414;RICARDO TEOBALDO CAVALCANTI;RICARDO TEOBALDO;Deputado Federal;Apto;Deferido
SP;PV;4344;ROBERTO ALVES DE LUCENA;ROBERTO DE LUCENA;Deputado Federal;Apto;Deferido
RJ;PRB;1010;ROBERTO DA SILVA SALES;ROBERTO SALES;Deputado Federal;Apto;Deferido
GO;PP;1105;ROBERTO EGIDIO BALESTRA;ROBERTO BALESTRA;Deputado Federal;Apto;Deferido
BA;PP;1123;ROBERTO PEREIRA DE BRITTO;ROBERTO BRITTO;Deputado Federal;Apto;Deferido
PA;PROS;9010;ROBERTO SALAME FILHO;BETO SALAME;Deputado Federal;Apto;Deferido
MG;PSDB;4550;RODRIGO BATISTA DE CASTRO;RODRIGO DE CASTRO;Deputado Federal;Apto;Deferido
RJ;DEM;2587;RODRIGO FELINTO IBARRA EPIT�CIO MAIA;RODRIGO MAIA;Deputado Federal;Apto;Deferido
SP;DEM;2525;RODRIGO GARCIA;RODRIGO GARCIA;Deputado Federal;Apto;Deferido
MG;PMDB;1515;RODRIGO OTAVIO SOARES PACHECO;RODRIGO PACHECO;Deputado Federal;Apto;Deferido
PI;PSB;4041;RODRIGO RODRIGUES DE SOUZA MARTINS;RODRIGO;Deputado Federal;Apto;Deferido
SC;PMDB;1510;ROGERIO MENDON�A;PENINHA;Deputado Federal;Apto;Deferido
DF;PSD;5555;ROGERIO SCHUMANN ROSSO;ROG�RIO ROSSO;Deputado Federal;Apto;Deferido
RN;PSDB;4545;ROG�RIO SIMONETTI MARINHO;ROGERIO MARINHO;Deputado Federal;Apto;Deferido
PB;PSD;5555;R�MULO JOS� DE GOUVEIA;R�MULO GOUVEIA;Deputado Federal;Apto;Deferido
AL;PDT;1212;RONALDO AUGUSTO LESSA SANTOS;RONALDO LESSA;Deputado Federal;Apto;Deferido
BA;PP;1144;RONALDO CARLETTO;RONALDO CARLETTO;Deputado Federal;Apto;Deferido
DF;PROS;9090;RONALDO FONSECA DE SOUZA;RONALDO FONSECA;Deputado Federal;Apto;Deferido
SC;PMDB;1509;RONALDO JOS� BENEDET;RONALDO BENEDET;Deputado Federal;Apto;Deferido
CE;PRB;1010;RONALDO MANCHADO MARTINS;RONALDO MARTINS;Deputado Federal;Apto;Deferido
RS;PTB;1423;RONALDO NOGUEIRA DE OLIVEIRA;RONALDO NOGUEIRA;Deputado Federal;Apto;Deferido
DF;PMDB;1515;R�NEY T�NIOS NEMER;R�NEY NEMER;Deputado Federal;Apto;Deferido
RJ;PRB;1033;ROSANGELA DE SOUZA GOMES;ROSANGELA GOMES;Deputado Federal;Apto;Deferido
PR;PPS;2300;RUBENS BUENO;RUBENS BUENO;Deputado Federal;Apto;Deferido
GO;PT;1313;RUBENS OTONI GOMIDE;RUBENS OTONI;Deputado Federal;Apto;Deferido
MA;PC do B;6565;RUBENS PEREIRA E SILVA JUNIOR;RUBENS PEREIRA J�NIOR;Deputado Federal;Apto;Deferido
MT;PT;1313;S�GUAS MORAES SOUSA;S�GUAS MORAES;Deputado Federal;Apto;Deferido
SP;PSDB;4580;SAMUEL MOREIRA DA SILVA JUNIOR;SAMUEL MOREIRA;Deputado Federal;Apto;Deferido
PR;PPS;2323;SANDRO ALEX CRUZ DE OLIVEIRA;SANDRO ALEX;Deputado Federal;Apto;Deferido
PE;PR;2233;SEBASTIAO IGNACIO DE OLIVEIRA JUNIOR;SEBASTIAO OLIVEIRA;Deputado Federal;Apto;Deferido
AC;PT;1313;SEBASTI�O SIB� MACHADO OLIVEIRA;SIB� MACHADO;Deputado Federal;Apto;Deferido
SP;PRB;1011;SERGIO BAVINI;SERGIO REIS;Deputado Federal;Apto;Deferido
PR;PMDB;1512;SERGIO DE SOUZA;SERGIO SOUZA;Deputado Federal;Apto;Deferido
RS;PTB;1412;S�RGIO IVAN MORAES;S�RGIO MORAES;Deputado Federal;Apto;Deferido
MG;PSB;4010;S�RGIO LUCIO DE ALMEIDA;TENENTE L�CIO;Deputado Federal;Apto;Deferido
BA;PSD;5580;SERGIO LUIS LACERDA BRITO;S�RGIO BRITO;Deputado Federal;Apto;Deferido
SP;PDT;1200;SERGIO OLIMPIO GOMES;MAJOR OLIMPIO GOMES;Deputado Federal;Apto;Deferido
RJ;PSD;5501;SERGIO ZVEITER;SERGIO ZVEITER;Deputado Federal;Apto;Deferido
RR;PSDB;4545;SH�RIDAN ESTERFANY OLIVEIRA DE ANCHIETA;SH�RIDAN;Deputado Federal;Apto;Deferido
AM;PSD;5555;SILAS CAMARA;SILAS CAMARA;Deputado Federal;Apto;Deferido
SP;PSDB;4540;SILVIO FRAN�A TORRES;SILVIO TORRES;Deputado Federal;Apto;Deferido
PE;PSC;2020;SILVIO SERAFIM COSTA;SILVIO COSTA;Deputado Federal;Apto;Deferido
RJ;PP;1125;SIMAO SESSIM;SIM�O SESSIM;Deputado Federal;Apto;Deferido
PA;PMDB;1588;SIMONE MARIA MORGADO FERREIRA;SIMONE MORGADO;Deputado Federal;Apto;Deferido
SP;PV;4311;SINVAL MALHEIROS PINTO JUNIOR;DR SINVAL MALHEIROS;Deputado Federal;Apto;Deferido
RJ;PMDB;1513;SORAYA ALENCAR DOS SANTOS;SORAYA SANTOS;Deputado Federal;Apto;Deferido
RJ;PSD;5577;S�STENES SILVA CAVALCANTE;S�STENES CAVALCANTE;Deputado Federal;Apto;Deferido
MG;PSB;4044;STEFANO AGUIAR DOS SANTOS;STEFANO AGUIAR;Deputado Federal;Apto;Deferido
MG;PSC;2010;TANIA RAQUEL DE QUEIROZ MUNIZ;RAQUEL MUNIZ;Deputado Federal;Apto;Deferido
MS;PSB;4040;TEREZA CRISTINA CORREA DA COSTA DIAS;TEREZA CRISTINA;Deputado Federal;Apto;Deferido
GO;PSD;5545;THIAGO MELLO PEIXOTO DA SILVEIRA;THIAGO PEIXOTO;Deputado Federal;Apto;Deferido
BA;PTC;3637;ULDURICO ALENCAR PINTO;ULDURICO JUNIOR;Deputado Federal;Apto;Deferido
SC;PMDB;1516;VALDIR COLATTO;VALDIR COLATTO;Deputado Federal;Apto;Deferido
PR;PSDB;4545;VALDIR LUIZ ROSSONI;VALDIR ROSSONI;Deputado Federal;Apto;Deferido
BA;PT;1310;VALMIR CARLOS DA ASSUN��O;VALMIR ASSUN��O;Deputado Federal;Apto;Deferido
SP;PT;1335;VALMIR PRASCIDELLI;VALMIR PRASCIDELLI;Deputado Federal;Apto;Deferido
MT;PROS;9090;VALTENIR LUIZ PEREIRA;VALTENIR PEREIRA;Deputado Federal;Apto;Deferido
MS;PT;1331;VANDER LUIZ DOS SANTOS LOUBET;VANDER LOUBET;Deputado Federal;Apto;Deferido
SP;PSDB;4551;VANDERLEI MACRIS;VANDERLEI MACRIS;Deputado Federal;Apto;Deferido
PB;PMDB;1510;VENEZIANO VITAL DO R�GO SEGUNDO NETO;VENEZIANO;Deputado Federal;Apto;Deferido
TO;PSB;4040;VICENTE ALVES DE OLIVEIRA JUNIOR;VICENTINHO JUNIOR;Deputado Federal;Apto;Deferido
SP;PT;1301;VICENTE CANDIDO DA SILVA;VICENTE C�NDIDO;Deputado Federal;Apto;Deferido
SP;PT;1390;VICENTE PAULO DA SILVA;VICENTINHO;Deputado Federal;Apto;Deferido
MT;PSC;2020;VICT�RIO GALLI FILHO;PROFESSOR VICT�RIO GALLI;Deputado Federal;Apto;Deferido
AP;PR;2222;VIN�CIUS DE AZEVEDO GURGEL;VIN�CIUS GURGEL;Deputado Federal;Apto;Deferido
SP;PRB;1085;VINICIUS RAPOZO DE CARVALHO;VINICIUS CARVALHO;Deputado Federal;Apto;Deferido
SP;PSDB;4510;VITOR LIPPI;VITOR LIPPI;Deputado Federal;Apto;Deferido
CE;PMDB;1590;VITOR PEREIRA VALIM;VITOR VALIM;Deputado Federal;Apto;Deferido
BA;PT;1322;WALDENOR ALVES PEREIRA FILHO;WALDENOR PEREIRA;Deputado Federal;Apto;Deferido
MA;PP;1111;WALDIR MARANH�O CARDOSO;WALDIR MARANH�O;Deputado Federal;Apto;Deferido
GO;PSDB;4500;WALDIR SOARES DE OLIVEIRA;DELEGADO WALDIR;Deputado Federal;Apto;Deferido
RN;PMDB;1511;WALTER PEREIRA ALVES;WALTER ALVES;Deputado Federal;Apto;Deferido
RJ;PTB;1456;WANDERLEY ALVES DE OLIVEIRA;DELEY;Deputado Federal;Apto;Deferido
RJ;PMDB;1516;WASHINGTON REIS DE OLIVEIRA;WASHINGTON REIS;Deputado Federal;Apto;Deferido
ES;PMDB;1515;WELINGTON COIMBRA;LELO COIMBRA;Deputado Federal;Apto;Deferido
MG;PT;1391;WELITON FERNANDES PRADO;WELITON PRADO;Deputado Federal;Apto;Deferido
MA;PDT;1212;WEVERTON ROCHA MARQUES DE SOUSA;WEVERTON ROCHA;Deputado Federal;Apto;Deferido
AC;PSDB;4545;WHERLES FERNANDES DA ROCHA;MAJOR ROCHA;Deputado Federal;Apto;Deferido
PA;SD;7777;WLADIMIR AFONSO DA COSTA RABELO;WLAD;Deputado Federal;Apto;Deferido
PE;PDT;1234;WOLNEY QUEIROZ MACIEL;WOLNEY QUEIROZ;Deputado Federal;Apto;Deferido
RN;PR;2222;ZENAIDE MAIA CALADO PEREIRA DOS SANTOS;DRA ZENAIDE MAIA;Deputado Federal;Apto;Deferido
